Year ,Team,Record ,SRS,Pace,ORtg,DRtg ,Net Rating,PTS,REB,AST,STL,BLK,TOV,3PA,3P%,GM,Coach,Era,Finals Opponent,Result,Note
1990,DET,59-23,5.41,94.4,109.9,103.5,6.4,8556,3643,1996,512,418,1233,541,0.327, Jack McCloskey,Chuck Daly,P,POR,(4-1),"July 15, 1989
Signed Scott Hastings as an unrestricted free agent.

September 18, 1989
Signed Stan Kimbrough as a free agent.

September 30, 1989
Signed Mark Hughes.

October 3, 1989
John Long signed as an unrestricted free agent with the Dallas Mavericks.

October 6, 1989
Signed Dave Greenwood as an unrestricted free agent.

November 2, 1989
Waived Mark Hughes.

December 6, 1989
Signed Gerald Henderson as an unrestricted free agent.

Waived Stan Kimbrough.

March 28, 1990
Signed Ralph Lewis to the first of two 10-day contracts.

April 10, 1990
Waived Ralph Lewis.

June 27, 1990
Drafted Lance Blanks in the 1st round (26th pick) of the 1990 NBA Draft."
1991,CHI,61-21,8.57,95.6,114.6,105.2,9.5,9024,3490,2212,822,438,1184,424,0.366,Jerry Krause,Phil Jackson ,P,LAL,(4-1),"July 20, 1990
Signed Scott Williams as a free agent.

July 23, 1990
Ed Nealy signed as a veteran free agent with the Phoenix Suns; received FROM_TRADE as compensation.

September 24, 1990
Signed Craig Neal as a free agent.

October 2, 1990
Traded Jeff Sanders to the Miami Heat for a future 2nd round draft pick. The future 2nd round draft pick traded to Chicago was conditional and was not exercised.

October 3, 1990
Signed Cliff Levingston as an unrestricted free agent.

October 15, 1990
Waived Craig Neal.

June 26, 1991
Drafted Mark Randall in the 1st round (26th pick) of the 1991 NBA Draft."
1992,CHI,67-15,10.07,94.4,115.5,104.5,11,9011,3612,2279,672,480,1088,454,0.304,Jerry Krause,Phil Jackson ,P,POR,(4-2),"October 2, 1991
Signed Chuck Nevitt as a free agent.

October 30, 1991
Waived Chuck Nevitt.

November 4, 1991
Traded Dennis Hopson to the Sacramento Kings for Bob Hansen and a 1992 2nd round draft pick (Corey Williams was later selected).

November 6, 1991
Signed Rory Sparrow as a free agent.

November 17, 1991
Signed Chuck Nevitt as a free agent.

November 25, 1991
Waived Rory Sparrow.

December 17, 1991
Waived Chuck Nevitt.

December 30, 1991
Waived Mark Randall.

January 2, 1992
Mark Randall claimed on waivers by the Minnesota Timberwolves.

June 22, 1992
Released Bob Hansen.

June 24, 1992
Drafted Byron Houston in the 1st round (27th pick) of the 1992 NBA Draft.

Drafted Corey Williams in the 2nd round (33rd pick) of the 1992 NBA Draft.

Drafted Litterial Green in the 2nd round (39th pick) of the 1992 NBA Draft.

Drafted Matt Steigenga in the 2nd round (52nd pick) of the 1992 NBA Draft."
1993,CHI,57-25,6.19,92.5,112.9,106.1,6.8,8625,3573,2133,783,410,1103,669,0.365,Jerry Krause,Phil Jackson,P,PHX,(4-2),"July 7, 1992
Traded Litterial Green to the Orlando Magic for a 1993 2nd round draft pick (Anthony Reed was later selected).

July 10, 1992
Waived Craig Hodges.

September 18, 1992
As part of a 3-team trade, the Chicago Bulls traded Byron Houston to the Golden State Warriors; the Chicago Bulls traded a 1996 2nd round draft pick (Darnell Robinson was later selected) and a future 2nd round draft pick to the Dallas Mavericks; the Dallas Mavericks traded Rodney McCray to the Chicago Bulls; and the Golden State Warriors traded a 1994 1st round draft pick (Tony Dumas was later selected) to the Dallas Mavericks. The future 2nd round draft pick traded to Dallas was conditional and was not exercised.

October 1, 1992
Signed Ricky Blanton as a free agent.

October 4, 1992
Signed Trent Tucker as a free agent.

October 6, 1992
Signed Joe Courtney as a free agent.

Signed Keith Tower as a free agent.

Signed Jo Jo English as a free agent.

October 27, 1992
Waived Ricky Blanton.

October 28, 1992
Waived Joe Courtney.

Waived Keith Tower.

November 5, 1992
Waived Jo Jo English.

December 2, 1992
Signed Jo Jo English as a free agent.

December 15, 1992
Waived Jo Jo English.

January 12, 1993
Signed Joe Courtney to the first of two 10-day contracts.

January 28, 1993
Signed Darrell Walker to the first of two 10-day contracts.

February 10, 1993
Signed Ricky Blanton to a 10-day contract.

February 17, 1993
Signed Darrell Walker as a free agent.

February 22, 1993
Signed Mark Acres to a 10-day contract.

February 25, 1993
Traded a 2001 2nd round draft pick to the Golden State Warriors for Ed Nealy. Conditional 2001 2nd-rd pick did not convey

June 30, 1993
Drafted Corie Blount in the 1st round (25th pick) of the 1993 NBA Draft.

Drafted Anthony Reed in the 2nd round (41st pick) of the 1993 NBA Draft."
1994,HOU,58-24,4.19,95,105.9,101.4,4.5,8292,3545,2087,717,485,1338,1285,0.334,"Tod Leiweke, Bob Weinhauer",Rudy Tomjanovich ,P,NYK,(4-3),"July 1, 1993
Waived Kennard Winchester.

August 2, 1993
Traded a 1995 2nd round draft pick (Don Reid was later selected) to the Portland Trail Blazers for Mario Elie.

Waived Sleepy Floyd.

August 17, 1993
Signed Richard Petruška.

October 7, 1993
Signed Ashraf Amaya as a free agent.

Signed Scott Meents as a free agent.

November 1, 1993
Waived Dave Jamerson.

November 2, 1993
Waived Ashraf Amaya.

April 1, 1994
Signed Larry Robinson to the first of two 10-day contracts.

April 19, 1994
Signed Chris Jent as a free agent.

April 21, 1994
Signed Earl Cureton as a free agent.

Signed Larry Robinson as a free agent.

June 29, 1994
Drafted Albert Burditt in the 2nd round (53rd pick) of the 1994 NBA Draft."
1995,HOU,47-35,2.32,94.2,109.7,107.4,2.2,8491,3320,2060,721,514,1322,1757,0.368,Bob Weinhauer,Rudy Tomjanovich ,P,ORL,(4-0),"August 26, 1994
Signed Tim Breaux as a free agent.

September 20, 1994
Signed Adrian Caldwell as a free agent.

October 1, 1994
Signed Albert Burditt.

October 14, 1994
Waived Larry Robinson.

November 1, 1994
Waived Albert Burditt.

November 29, 1994
Signed Pete Chilcutt as a free agent.

Waived Adrian Caldwell.

December 1, 1994
Waived Chris Jent.

February 2, 1995
Signed Chucky Brown to the first of two 10-day contracts.

February 14, 1995
Traded Marcelo Nicola, Otis Thorpe and a 1995 1st round draft pick (Randolph Childress was later selected) to the Portland Trail Blazers for Clyde Drexler and Tracy Murray.

February 23, 1995
Traded Scott Brooks to the Dallas Mavericks for Morlon Wiley and a 1995 2nd round draft pick (Erik Meek was later selected).

February 24, 1995
Waived Morlon Wiley.

February 25, 1995
Signed Chucky Brown to a contract for the rest of the season.

March 2, 1995
Signed Charles Jones to a 10-day contract.

April 22, 1995
Signed Charles Jones to a contract for the rest of the season.

June 24, 1995
Lost Žan Tabak to the Toronto Raptors in the NBA expansion draft.

June 28, 1995
Drafted Erik Meek in the 2nd round (41st pick) of the 1995 NBA Draft.

June 30, 1995
Waived Vernon Maxwell."
1996,CHI,72-10,11.8,91.1,115.2,101.8,13.4,8625,3658,2033,745,345,1175,1349,0.403,Jerry Krause,Phil Jackson,P,SPS,(4-2),"October 2, 1995
Released Larry Krystkowiak.

Traded Will Perdue to the San Antonio Spurs for Dennis Rodman.

October 3, 1995
Pete Myers signed as an unrestricted free agent with the Charlotte Hornets.

October 5, 1995
Signed Randy Brown as an unrestricted free agent.

October 6, 1995
Signed Jack Haley as a free agent.

October 26, 1995
Signed James Edwards as a free agent.

March 4, 1996
Signed John Salley to the first of two 10-day contracts.

March 24, 1996
Signed John Salley as a free agent.

June 26, 1996
Drafted Travis Knight in the 1st round (29th pick) of the 1996 NBA Draft."
1997,CHI,69-13,10.7,90,114.4,102.4,12,8458,3696,2142,716,332,1109,1403,0.373,Jerry Krause,Phil Jackson,P,UTA,(4-2),"July 12, 1996
Released Travis Knight.

September 25, 1996
Signed Robert Parish as a free agent.

October 3, 1996
Signed Corey Beck as a free agent.

Signed Matt Steigenga.

October 23, 1996
Signed Thomas Hamilton as a free agent.

October 24, 1996
Waived Corey Beck.

October 29, 1996
Waived Matt Steigenga.

December 18, 1996
Waived Thomas Hamilton.

April 2, 1997
Signed Bison Dele to a contract for the rest of the season.

April 12, 1997
Signed Matt Steigenga to a 10-day contract.

June 25, 1997
Drafted Keith Booth in the 1st round (28th pick) of the 1997 NBA Draft.

Drafted Roberto Duenas in the 2nd round (57th pick) of the 1997 NBA Draft."
1998,CHI,62-20,7.24,89,107.7,99.8,7.9,7931,3681,1952,696,353,1178,962,0.323,Jerry Krause,Phil Jackson ,P,UTA,(4-2),"August 25, 1997
Robert Parish retired.

September 3, 1997
Signed Joe Kleine as a free agent.

September 22, 1997
Traded Dickey Simpkins to the Golden State Warriors for Scott Burrell.

October 1, 1997
Signed Kornél Dávid as a free agent.

Signed Rusty LaRue as a free agent.

October 6, 1997
Signed Thomas Hamilton as a free agent.

October 8, 1997
Waived Kornél Dávid.

October 21, 1997
Waived Thomas Hamilton.

October 30, 1997
Waived Rusty LaRue.

November 15, 1997
Signed Rusty LaRue as a free agent.

February 19, 1998
Traded Jason Caffey to the Golden State Warriors for David Vaughn, a 1998 2nd round draft pick (Shammond Williams was later selected) and a 2000 2nd round draft pick (A.J. Guyton was later selected).

March 2, 1998
Signed Dickey Simpkins as a free agent.

Waived David Vaughn.

June 23, 1998
Phil Jackson resigns as Head Coach.

June 24, 1998
Drafted Corey Benjamin in the 1st round (28th pick) of the 1998 NBA Draft.

Drafted Shammond Williams in the 2nd round (34th pick) of the 1998 NBA Draft.

Drafted Maceo Baston in the 2nd round (58th pick) of the 1998 NBA Draft.

Traded Shammond Williams to the Atlanta Hawks for Cory Carr, a 1999 2nd round draft pick (Lari Ketner was later selected) and a 2000 2nd round draft pick (Khalid El-Amin was later selected)."
1999,SAS,37-13,7.12,88.6,104,95,9,4640,2198,1101,421,351,759,521,0.33,Gregg Popovich,Gregg Popovich,T,NYK,(4-1),"January 21, 1999
Signed Brandon Williams as a free agent.

Signed Mario Elie as a free agent.

Signed Gerard King as a free agent.

Signed Andrew Gaze as a free agent.

Traded Chuck Person and a 2000 1st round draft pick (Dalibor Bagarić was later selected) to the Chicago Bulls for Steve Kerr.

January 22, 1999
Signed Jerome Kersey as a free agent.

Signed Chris Garner as a free agent.

February 2, 1999
Waived Chris Garner.

June 30, 1999
Drafted Leon Smith in the 1st round (29th pick) of the 1999 NBA Draft.

Drafted Manu Ginóbili in the 2nd round (57th pick) of the 1999 NBA Draft.

Traded Leon Smith to the Dallas Mavericks for Gordan Giriček and a 2000 2nd round draft pick (Chris Carrawell was later select"
2000,LAL,67-15,8.41,93.3,107.3,98.2,9.1,8267,3855,1921,613,534,1143,1047,0.329,Jerry West,Phil Jackson ,T,IND,(4-2),"September 1, 1999
Traded Sean Rooks and a 2000 2nd round draft pick (Pete Mickeal was later selected) to the Dallas Mavericks for A.C. Green.

September 28, 1999
Signed Benoit Benjamin as a free agent.

September 29, 1999
Signed John Salley as a free agent.

October 13, 1999
Signed Ron Harper as a free agent.

October 20, 1999
Signed Brian Shaw as a free agent.

October 28, 1999
Waived Benoit Benjamin.

November 12, 1999
Waived Sam Jacobson.

June 28, 2000
Drafted Mark Madsen in the 1st round (29th pick) of the 2000 NBA Draft."
2001,LAL,56-26,3.74,91.7,108.4,104.8,3.6,8251,3668,1888,564,490,1184,1275,0.344,Mitch Kupchak,Phil Jackson,T,PHI,(4-1),"June 28, 2000
Traded a 2001 2nd round draft pick (Robetas Javtokas was later selected) and a 2002 2nd round draft pick (Randy Holcomb was later selected) to the San Antonio Spurs for Cory Hightower.

August 10, 2000
Signed Cory Hightower to a multi-year contract.

August 15, 2000
Signed Stanislav Medvedenko as a free agent.

August 23, 2000
Signed Andy Panko as a free agent.

August 25, 2000
Signed Isaiah Rider as a free agent.

September 20, 2000
As part of a 4-team trade, the Los Angeles Lakers traded Travis Knight, Glen Rice and a 2001 1st round draft pick (Jamaal Tinsley was later selected) to the New York Knicks; the New York Knicks traded Chris Dudley and a 2001 1st round draft pick (Jason Collins was later selected) to the Phoenix Suns; the New York Knicks traded Patrick Ewing to the Seattle SuperSonics; the Phoenix Suns traded Luc Longley to the New York Knicks; the Seattle SuperSonics traded Emanual Davis, Greg Foster, Horace Grant and Chuck Person to the Los Angeles Lakers; and the Seattle SuperSonics traded Lazaro Borrell, Vernon Maxwell, Vladimir Stepania, a 2001 2nd round draft pick (Eric Chenowith was later selected), a 2001 2nd round draft pick (Michael Wright was later selected) and a 2002 1st round draft pick (Kareem Rush was later selected) to the New York Knicks.

September 29, 2000
Waived Chuck Person.

October 2, 2000
Signed Mike Penberthy as a free agent.

October 4, 2000
Signed Shawn Respert.

October 6, 2000
Signed Brian Shaw to a multi-year contract.

October 17, 2000
Waived Shawn Respert.

October 25, 2000
Waived Emanual Davis.

October 29, 2000
Waived Andy Panko.

October 30, 2000
Waived Cory Hightower.

June 28, 2001
Traded Greg Foster to the Milwaukee Bucks for Lindsey Hunter."
2002,LAL,58-24,7.15,92.1,109.4,101.7,7.7,8304,3629,1882,625,478,1040,1439,0.354,Mitch Kupchak,Phil Jackson ,T,NJN,(4-0),"July 20, 2001
Signed Samaki Walker as a free agent.

Signed Mitch Richmond as a free agent.

August 9, 2001
Signed Joe Crispin as a free agent.

August 28, 2001
Signed Isaac Fontaine as a free agent.

September 21, 2001
Signed Jelani McCoy as a free agent.

September 26, 2001
Signed Dickey Simpkins as a free agent.

September 27, 2001
Signed Dennis Scott.

October 16, 2001
Waived Dennis Scott.

October 25, 2001
Waived Dickey Simpkins.

Waived Isaac Fontaine.

October 31, 2001
Waived Brian Shaw.

November 4, 2001
Signed Brian Shaw.

November 10, 2001
Waived Mike Penberthy.

November 24, 2001
Waived Joe Crispin.

June 26, 2002
Drafted Chris Jefferies in the 1st round (27th pick) of the 2002 NBA Draft.

Traded Lindsey Hunter, Chris Jefferies and a 2003 2nd round draft pick (Remon van de Hare was later selected) to the Toronto Raptors for Tracy Murray, Kareem Rush and a 2003 2nd round draft pick (Luke Walton was later selected)."
2003,SAS,60-22,5.65,90,105.6,99.7,6,7856,3495,1636,629,529,1295,1270,0.354,R.C. Buford,Gregg Popovich ,T,NJN,(4-2),"July 17, 2002
Signed Manu Ginóbili to a multi-year contract.

July 29, 2002
Terry Porter retired.

August 5, 2002
Traded Antonio Daniels, Amal McCaskill and Charles Smith to the Portland Trail Blazers for Erick Barkley, Steve Kerr and a 2003 2nd round draft pick (Andreas Glyniadakis was later selected).

August 26, 2002
Signed Kevin Willis as a free agent.

September 30, 2002
Signed Devin Brown as a free agent.

Signed Mikki Moore as a free agent.

October 3, 2002
Traded a 2003 2nd round draft pick (Andreas Glyniadakis was later selected) to the Detroit Pistons for Mengke Bateer.

October 24, 2002
Waived Mikki Moore.

Waived Devin Brown.

November 3, 2002
Signed Devin Brown as a free agent.

November 19, 2002
Waived Devin Brown.

November 20, 2002
Signed Anthony Goldwire as a free agent.

December 28, 2002
Waived Anthony Goldwire.

June 26, 2003
Drafted Leandro Barbosa in the 1st round (28th pick) of the 2003 NBA Draft.

Traded Leandro Barbosa to the Phoenix Suns for a 2005 1st round draft pick (David Lee was later selected)."
2004,DET,54-28,5.04,87.9,102,95.4,6.6,7388,3506,1702,659,570,1241,968,0.344,Joe Dumars,Larry Brown ,T,LAL,(4-1),"July 26, 2003
Signed Elden Campbell as a free agent.

August 21, 2003
Traded Clifford Robinson and Pepe Sánchez to the Golden State Warriors for Bob Sura.

August 28, 2003
Traded Michael Curry to the Toronto Raptors for Lindsey Hunter.

September 12, 2003
Danny Manning retired.

September 23, 2003
Signed Darvin Ham as a free agent.

September 29, 2003
Signed Ronald Dupree as a free agent.

October 11, 2003
Signed Derrick Zimmerman as a free agent.

October 22, 2003
Waived Derrick Zimmerman.

October 23, 2003
Waived Ronald Dupree.

October 28, 2003
Signed Tremaine Fowlkes as a free agent.

January 20, 2004
Waived Hubert Davis.

February 19, 2004
As part of a 3-team trade, the Detroit Pistons traded Chucky Atkins, Lindsey Hunter and a 2004 1st round draft pick (Tony Allen was later selected) to the Boston Celtics; the Detroit Pistons traded Željko Rebrača, Bob Sura and a 2004 1st round draft pick (Josh Smith was later selected) to the Atlanta Hawks; the Atlanta Hawks traded Rasheed Wallace to the Detroit Pistons; the Boston Celtics traded Chris Mills to the Atlanta Hawks; and the Boston Celtics traded Mike James to the Detroit Pistons.

February 26, 2004
Signed Lindsey Hunter as a free agent.

June 24, 2004
Drafted Rickey Paulding in the 2nd round (54th pick) of the 2004 NBA Draft."
2005,SAS,59-23,7.84,88.9,107.5,98.8,8.7,7888,3476,1771,613,543,1126,1395,0.363,R.C. Buford,Gregg Popovich,T,DET,(4-3),"July 15, 2004
Signed Brent Barry as a free agent.

Signed Manu Ginóbili to a multi-year contract.

Signed Romain Sato to a multi-year contract.

August 4, 2004
Signed Tony Massenburg as a free agent.

August 25, 2004
Signed Linton Johnson as a free agent.

October 27, 2004
Signed Mike Wilks as a free agent.

February 24, 2005
Traded Malik Rose, a 2005 1st round draft pick (David Lee was later selected) and a 2006 1st round draft pick (Mardy Collins was later selected) to the New York Knicks for Jamison Brewer and Nazr Mohammed.

Waived Romain Sato.

February 26, 2005
Waived Jamison Brewer.

March 17, 2005
Signed Dion Glover to the first of two 10-day contracts.

April 4, 2005
Signed Glenn Robinson as a free agent.

Waived Dion Glover.

June 28, 2005
Drafted Ian Mahinmi in the 1st round (28th pick) of the 2005 NBA Draft."
2006,MIA,52-30,3.59,91.6,108.7,104.5,4.2,8191,3533,1692,522,442,1186,1441,0.345,Pat Riley,Stan Van Gundy ,T,DAL,(4-2),"August 2, 2005
Signed Kasib Powell as a free agent.

As part of a 5-team trade, the Miami Heat traded Rasual Butler to the New Orleans/Oklahoma City Hornets; the Miami Heat traded Eddie Jones to the Memphis Grizzlies; the Miami Heat traded Albert Miralles, Qyntel Woods, a 2006 2nd round draft pick (Edin Bavčić was later selected) and a 2008 2nd round draft pick (Nikola Peković was later selected) to the Boston Celtics; the Boston Celtics traded Antoine Walker to the Miami Heat; the Memphis Grizzlies traded Andre Emmett, James Posey and Jason Williams to the Miami Heat; the Memphis Grizzlies traded Greg Ostertag to the Utah Jazz; the New Orleans/Oklahoma City Hornets traded Roberto Duenas to the Miami Heat; the Utah Jazz traded Curtis Borchardt to the Boston Celtics; the Utah Jazz traded Raül López to the Memphis Grizzlies; and the Utah Jazz traded Kirk Snyder to the New Orleans/Oklahoma City Hornets.

August 12, 2005
Signed Gerald Fitch as a free agent.

August 15, 2005
Signed Matt Walsh as a free agent.

September 22, 2005
Signed Gary Payton as a free agent.

October 3, 2005
Signed Jason Kapono as a free agent.

October 8, 2005
Signed Earl Barron as a free agent.

October 31, 2005
Waived Andre Emmett.

November 18, 2005
Waived Matt Walsh.

January 3, 2006
Assigned Earl Barron to the Florida Flame of the G-League.

Assigned Dorell Wright to the Florida Flame of the G-League.

January 18, 2006
Recalled Earl Barron from the Florida Flame of the G-League.

Recalled Dorell Wright from the Florida Flame of the G-League.

February 23, 2006
Traded Gerald Fitch to the Houston Rockets for Derek Anderson. Houston also received a trade exception from Miami."
2007,SAS,58-24,8.35,89.8,109.2,99.9,9.3,8079,3338,1814,587,417,1137,1561,0.381,R.C. Buford,Gregg Popovich ,T,CLE,(4-0),"July 12, 2006
Signed Jacque Vaughn as a free agent.

July 21, 2006
Signed Jackie Butler as a free agent.

August 2, 2006
Signed Francisco Elson as a free agent.

November 3, 2006
Signed James White as a free agent.

December 16, 2006
Assigned James White to the Austin Toros of the G-League.

December 26, 2006
Recalled James White from the Austin Toros of the G-League.

December 29, 2006
Assigned James White to the Austin Toros of the G-League.

January 27, 2007
Recalled James White from the Austin Toros of the G-League.

February 13, 2007
Traded Eric Williams, cash and a 2009 2nd round draft pick (Robert Vaden was later selected) to the Charlotte Bobcats for Melvin Ely.

June 28, 2007
Drafted Tiago Splitter in the 1st round (28th pick) of the 2007 NBA Draft.

Drafted Marcus Williams in the 2nd round (33rd pick) of the 2007 NBA Draft.

Drafted Georgios Printezis in the 2nd round (58th pick) of the 2007 NBA Draft.

Traded Georgios Printezis to the Toronto Raptors for a 2008 2nd round draft pick (Goran Dragić was later selected)."
2008,BOS,66-16,9.3,90.9,110.2,98.9,11.2,8245,3445,1833,696,379,1246,1564,0.381,Danny Ainge,Doc Rivers ,T,LAL,(4-2),"July 9, 2007
Signed Brandon Wallace.

July 27, 2007
Waived Allan Ray.

July 31, 2007
Traded Ryan Gomes, Gerald Green, Al Jefferson, Theo Ratliff, Sebastian Telfair, a 2009 1st round draft pick (Wayne Ellington was later selected) and a 2009 1st round draft pick (Jonny Flynn was later selected) to the Minnesota Timberwolves for Kevin Garnett.

August 1, 2007
Signed Eddie House as a free agent.

August 6, 2007
Signed Scot Pollard as a free agent.

August 27, 2007
Signed James Posey as a free agent.

September 27, 2007
Signed Dahntay Jones as a free agent.

October 25, 2007
Waived Dahntay Jones.

November 13, 2007
Assigned Brandon Wallace to the Utah Flash of the G-League.

November 23, 2007
Assigned Gabe Pruitt to the Utah Flash of the G-League.

November 26, 2007
Recalled Gabe Pruitt from the Utah Flash of the G-League.

December 3, 2007
Assigned Gabe Pruitt to the Utah Flash of the G-League.

December 13, 2007
Recalled Gabe Pruitt from the Utah Flash of the G-League.

December 18, 2007
Recalled Brandon Wallace from the Utah Flash of the G-League.

Waived Brandon Wallace.

February 27, 2008
Signed P.J. Brown as a free agent.

March 3, 2008
Signed Sam Cassell as a free agent.

March 4, 2008
Assigned Gabe Pruitt to the Utah Flash of the G-League.

April 11, 2008
Recalled Gabe Pruitt from the Utah Flash of the G-League.

June 26, 2008
Drafted J.R. Giddens in the 1st round (30th pick) of the 2008 NBA Draft.

Drafted Semih Erden in the 2nd round (60th pick) of the 2008 NBA Draft.

Acquired player rights to Henry Walker from the Washington Wizards."
2009,LAL,65-17,7.11,94.3,112.8,104.7,8.1,8768,3602,1908,718,420,1103,1516,0.361,Mitch Kupchak,Phil Jackson,T,ORL,(4-1),"August 14, 2008
Signed Josh Powell as a free agent.

October 22, 2008
Waived Joe Crawford.

Waived Coby Karl.

February 7, 2009
Traded Vladimir Radmanović to the Charlotte Bobcats for Shannon Brown and Adam Morrison.

February 18, 2009
Traded Chris Mihm to the Memphis Grizzlies for a 2013 2nd round draft pick. Conditional 2013 2nd-rd pick did not convey

March 6, 2009
Assigned Sun Yue to the Los Angeles D-Fenders of the G-League.

March 16, 2009
Recalled Sun Yue from the Los Angeles D-Fenders of the G-League.

March 19, 2009
Assigned Sun Yue to the Los Angeles D-Fenders of the G-League.

April 20, 2009
Recalled Sun Yue from the Los Angeles D-Fenders of the G-League.

June 25, 2009
Drafted Toney Douglas in the 1st round (29th pick) of the 2009 NBA Draft.

Drafted Patrick Beverley in the 2nd round (42nd pick) of the 2009 NBA Draft.

Drafted Chinemelu Elonu in the 2nd round (59th pick) of the 2009 NBA Draft.

Traded Toney Douglas to the New York Knicks for cash and a 2011 2nd round draft pick (Andrew Goudelock was later selected).

Traded Patrick Beverley to the Miami Heat for cash and a 2011 2nd round draft pick (Ater Majok was later selected)."
2010,LAL,57-25,4.78,92.8,108.8,103.7,5,8339,3635,1730,612,400,1096,1562,0.341,Mitch Kupchak,Phil Jackson,T,BOS,(4-3),"July 8, 2009
Signed Metta World Peace as a free agent.

July 31, 2009
Waived Sun Yue.

September 28, 2009
Signed Mickaël Gelabale as a free agent.

October 10, 2009
Waived Mickaël Gelabale.

June 24, 2010
Drafted Devin Ebanks in the 2nd round (43rd pick) of the 2010 NBA Draft.

Drafted Derrick Caracter in the 2nd round (58th pick) of the 2010 NBA Draft."
2011,DAL,57-25,4.41,91.3,109.7,105,4.6,8220,3398,1954,557,352,1145,1768,0.365,Donn Nelson,Rick Carlisle,T,MIA,(4-2),"July 13, 2010
Signed Ian Mahinmi as a free agent.

Traded Matt Carroll, Erick Dampier, Eduardo Nájera and cash to the Charlotte Bobcats for Alexis Ajinça and Tyson Chandler.

September 23, 2010
Signed Steve Novak as a free agent.

September 27, 2010
Signed Brian Cardinal as a free agent.

October 20, 2010
Signed Sean Williams as a free agent.

October 21, 2010
Waived Sean Williams.

November 30, 2010
Assigned Dominique Jones to the Texas Legends of the G-League.

Assigned Rodrigue Beaubois to the Texas Legends of the G-League.

January 2, 2011
Recalled Dominique Jones from the Texas Legends of the G-League.

January 5, 2011
Recalled Rodrigue Beaubois from the Texas Legends of the G-League.

Waived Steve Novak.

January 10, 2011
Signed Sasha Pavlović to a 10-day contract.

January 24, 2011
Signed Peja Stojaković as a free agent.

Traded Alexis Ajinça, cash and a 2013 2nd round draft pick (Jamaal Franklin was later selected) to the Toronto Raptors for Georgios Printezis.

March 3, 2011
Signed Corey Brewer as a free agent.

June 23, 2011
Drafted Jordan Hamilton in the 1st round (26th pick) of the 2011 NBA Draft.

Drafted Tanguy Ngombo in the 2nd round (57th pick) of the 2011 NBA Draft.

As part of a 3-team trade, the Dallas Mavericks traded Jordan Hamilton and Tanguy Ngombo to the Portland Trail Blazers; the Denver Nuggets traded Raymond Felton to the Portland Trail Blazers; the Portland Trail Blazers traded Rudy Fernández and Petteri Koponen to the Dallas Mavericks; and the Portland Trail Blazers traded Jordan Hamilton, Andre Miller and a 2014 2nd round draft pick (Devyn Marble was later selected) to the Denver Nuggets."
2012,MIA,46-20,5.72,91.2,106.6,100.2,6.5,6500,2746,1317,585,355,1002,1030,0.359,Pat Riley,Erik Spoelstra ,A,OKC,(4-1),"December 9, 2011
Signed Shane Battier as a free agent.

December 10, 2011
Signed Eddy Curry as a free agent.

Signed Mickell Gladness as a free agent.

Signed Terrel Harris as a free agent.

December 24, 2011
Waived Eddie House.

February 7, 2012
Waived Mickell Gladness.

February 12, 2012
Signed Mickell Gladness to the first of two 10-day contracts.

March 21, 2012
Signed Ronny Turiaf as a free agent.

June 28, 2012
Drafted Arnett Moultrie in the 1st round (27th pick) of the 2012 NBA Draft.

June 29, 2012
Traded Arnett Moultrie to the Philadelphia 76ers for Justin Hamilton, a 2015 2nd round draft pick (Jordan Mickey was later selected) and a 2016 2nd round draft pick (Deyonta Davis was later selected)."
2013,MIA,66-16,7.03,90.7,112.3,103.7,8.6,8436,3166,1890,710,441,1143,1809,0.396,Pat Riley,Erik Spoelstra,A,SAS,(4-3),"July 11, 2012
Signed Rashard Lewis as a free agent.

Signed Ray Allen as a free agent.

September 7, 2012
Signed Jarvis Varnado as a free agent.

Signed Mickell Gladness as a free agent.

September 13, 2012
Signed Garrett Temple as a free agent.

September 17, 2012
Signed Josh Harrellson as a free agent.

September 27, 2012
Signed Rodney Carney as a free agent.

October 21, 2012
Waived Mickell Gladness.

October 26, 2012
Waived Jarvis Varnado.

Waived Rodney Carney.

October 27, 2012
Waived Garrett Temple.

December 26, 2012
Assigned Dexter Pittman to the Sioux Falls Skyforce of the G-League.

January 5, 2013
Waived Terrel Harris.

January 7, 2013
Waived Josh Harrellson.

January 9, 2013
Signed Josh Harrellson to a 10-day contract.

Signed Jarvis Varnado to two 10-day contracts, then signed to a contract for the rest of the season.

January 16, 2013
Recalled Dexter Pittman from the Sioux Falls Skyforce of the G-League.

January 18, 2013
Assigned Dexter Pittman to the Sioux Falls Skyforce of the G-League.

January 20, 2013
Signed Chris Andersen to two 10-day contracts, then signed to a contract for the rest of the season.

Recalled Dexter Pittman from the Sioux Falls Skyforce of the G-League.

February 3, 2013
Assigned Dexter Pittman to the Sioux Falls Skyforce of the G-League.

February 13, 2013
Recalled Dexter Pittman from the Sioux Falls Skyforce of the G-League.

February 19, 2013
Assigned Dexter Pittman to the Sioux Falls Skyforce of the G-League.

February 21, 2013
Recalled Dexter Pittman from the Sioux Falls Skyforce of the G-League.

Traded Dexter Pittman, cash and a 2013 2nd round draft pick (Jānis Timma was later selected) to the Memphis Grizzlies for Ricky Sánchez.

March 1, 2013
Assigned Jarvis Varnado to the Sioux Falls Skyforce of the G-League.

March 2, 2013
Signed Juwan Howard to two 10-day contracts, then signed to a contract for the rest of the season.

March 10, 2013
Recalled Jarvis Varnado from the Sioux Falls Skyforce of the G-League.

March 21, 2013
Assigned Jarvis Varnado to the Sioux Falls Skyforce of the G-League.

April 3, 2013
Recalled Jarvis Varnado from the Sioux Falls Skyforce of the G-League.

April 5, 2013
Assigned Jarvis Varnado to the Sioux Falls Skyforce of the G-League.

April 7, 2013
Recalled Jarvis Varnado from the Sioux Falls Skyforce of the G-League.

June 27, 2013
Traded a 2017 2nd round draft pick (Sterling Brown was later selected) to the Atlanta Hawks for James Ennis."
2014,SAS,62-20,8,95,110.5,102.4,8.1,8639,3548,2064,604,420,1180,1757,0.397,R.C. Buford,Gregg Popovich,A,MIA,(4-1) ,"July 11, 2013
Signed Manu Ginóbili as a free agent.

Signed Jeff Ayres as a free agent.

Signed Marco Belinelli as a free agent.

Signed Manu Ginóbili to a multi-year contract.

July 13, 2013
Signed Tiago Splitter.

October 15, 2013
Waived Corey Maggette.

Waived Myck Kabongo.

Waived Marcus Cousin.

December 1, 2013
Assigned Nando de Colo to the Austin Toros of the G-League.

Assigned Aron Baynes to the Austin Toros of the G-League.

December 2, 2013
Recalled Aron Baynes from the Austin Toros of the G-League.

Recalled Nando de Colo from the Austin Toros of the G-League.

December 8, 2013
Assigned Nando de Colo to the Austin Toros of the G-League.

Assigned Malcolm Thomas to the Austin Toros of the G-League.

Assigned Aron Baynes to the Austin Toros of the G-League.

December 9, 2013
Recalled Nando de Colo from the Austin Toros of the G-League.

Recalled Aron Baynes from the Austin Toros of the G-League.

December 13, 2013
Recalled Malcolm Thomas from the Austin Toros of the G-League.

December 21, 2013
Assigned Nando de Colo to the Austin Toros of the G-League.

Assigned Malcolm Thomas to the Austin Toros of the G-League.

December 23, 2013
Recalled Malcolm Thomas from the Austin Toros of the G-League.

Recalled Nando de Colo from the Austin Toros of the G-League.

December 29, 2013
Assigned Malcolm Thomas to the Austin Toros of the G-League.

Assigned Nando de Colo to the Austin Toros of the G-League.

December 31, 2013
Recalled Nando de Colo from the Austin Toros of the G-League.

Recalled Malcolm Thomas from the Austin Toros of the G-League.

January 3, 2014
Assigned Nando de Colo to the Austin Toros of the G-League.

Assigned Malcolm Thomas to the Austin Toros of the G-League.

January 4, 2014
Recalled Nando de Colo from the Austin Toros of the G-League.

January 6, 2014
Assigned Nando de Colo to the Austin Toros of the G-League.

January 12, 2014
Recalled Nando de Colo from the Austin Toros of the G-League.

January 19, 2014
Recalled Malcolm Thomas from the Austin Toros of the G-League.

January 24, 2014
Signed Othyus Jeffers to a 10-day contract.

February 1, 2014
Signed Shannon Brown to a 10-day contract.

Waived Othyus Jeffers.

February 12, 2014
Signed Shannon Brown to a 2nd 10-day contract.

February 20, 2014
Traded Nando De Colo to the Toronto Raptors for Austin Daye.

February 23, 2014
Did not re-sign Shannon Brown; 10-day contract expires.

March 15, 2014
Assigned Austin Daye to the Austin Toros of the G-League.

March 16, 2014
Recalled Austin Daye from the Austin Toros of the G-League.

April 3, 2014
Signed Damion James to a 10-day contract.

April 13, 2014
Signed Damion James to a contract for the rest of the season.

June 26, 2014
Drafted Kyle Anderson in the 1st round (30th pick) of the 2014 NBA Draft.

Drafted Jordan McRae in the 2nd round (58th pick) of the 2014 NBA Draft.

Drafted Cory Jefferson in the 2nd round (60th pick) of the 2014 NBA Draft.

Traded Jordan McRae to the Philadelphia 76ers for Nemanja Dangubić.

Traded Cory Jefferson to the Brooklyn Nets for cash."
2015,GSW,67-15,10.01,98.3,111.6,101.4,10.2,9016,3667,2248,762,496,1185,2217,0.398,Bob Myers,Steve Kerr ,A,CLE,(4-2),"July 11, 2014
Signed Shaun Livingston to a multi-year contract.

July 30, 2014
Waived Hilton Armstrong.

September 2, 2014
Signed James Michael McAdoo.

Signed Aaron Craft.

Signed Mitchell Watt.

September 8, 2014
Signed Justin Holiday.

September 10, 2014
Signed Leandro Barbosa.

October 4, 2014
Signed Jason Kapono.

October 20, 2014
Signed Sean Kilpatrick.

October 25, 2014
Waived Mitchell Watt.

Waived Aaron Craft.

Waived Jason Kapono.

Waived Sean Kilpatrick.

Waived James Michael McAdoo.

November 11, 2014
Waived Nemanja Nedović.

November 14, 2014
Assigned Justin Holiday to the Santa Cruz Warriors of the G-League.

Assigned Ognjen Kuzmic to the Santa Cruz Warriors of the G-League.

November 15, 2014
Recalled Justin Holiday from the Santa Cruz Warriors of the G-League.

Recalled Ognjen Kuzmic from the Santa Cruz Warriors of the G-League.

December 17, 2014
Assigned Ognjen Kuzmic to the Santa Cruz Warriors of the G-League.

January 3, 2015
Assigned Ognjen Kuzmic to the Santa Cruz Warriors of the G-League.

January 9, 2015
Assigned Ognjen Kuzmic to the Santa Cruz Warriors of the G-League.

January 14, 2015
Recalled Ognjen Kuzmic from the Santa Cruz Warriors of the G-League.

January 15, 2015
Assigned Ognjen Kuzmic to the Santa Cruz Warriors of the G-League.

January 19, 2015
Signed James Michael McAdoo to a 10-day contract.

January 28, 2015
Assigned Festus Ezeli to the Santa Cruz Warriors of the G-League.

February 2, 2015
Signed James Michael McAdoo to a 2nd 10-day contract.

Recalled Festus Ezeli from the Santa Cruz Warriors of the G-League.

February 4, 2015
Assigned Ognjen Kuzmic to the Santa Cruz Warriors of the G-League.

February 19, 2015
Signed James Michael McAdoo.

February 20, 2015
Assigned James Michael McAdoo to the Santa Cruz Warriors of the G-League.

March 12, 2015
Recalled James Michael McAdoo from the Santa Cruz Warriors of the G-League.

March 14, 2015
Assigned James Michael McAdoo to the Santa Cruz Warriors of the G-League.

Recalled Ognjen Kuzmic from the Santa Cruz Warriors of the G-League.

March 16, 2015
Recalled James Michael McAdoo from the Santa Cruz Warriors of the G-League.

March 18, 2015
Assigned Ognjen Kuzmic to the Santa Cruz Warriors of the G-League.

April 10, 2015
Assigned James Michael McAdoo to the Santa Cruz Warriors of the G-League.

April 18, 2015
Recalled Ognjen Kuzmic from the Santa Cruz Warriors of the G-League.

April 19, 2015
Assigned Ognjen Kuzmic to the Santa Cruz Warriors of the G-League.

June 25, 2015
Drafted Kevon Looney in the 1st round (30th pick) of the 2015 NBA Draft."
2016,CLE,57-25,5.45,93.3,110.9,104.5,6.4,8555,3650,1861,551,317,1114,2428,0.362,David Griffin,Tyronn Lue,A,GSW,(4-3),"July 9, 2015
Signed Iman Shumpert to a multi-year contract.

Signed Kevin Love to a multi-year contract.

July 10, 2015
Signed LeBron James to a multi-year contract.

Signed Mo Williams to a multi-year contract.

July 23, 2015
Traded Rakeem Christmas to the Indiana Pacers for a 2019 2nd round draft pick (Eric Paschall was later selected). (Lakers 2nd round pick)

July 25, 2015
Signed James Jones.

July 27, 2015
Signed Matthew Dellavedova.

Traded Brendan Haywood, Mike Miller, a 2019 2nd round draft pick (Justin James was later selected) and a 2020 2nd round draft pick (Vernon Carey Jr. was later selected) to the Portland Trail Blazers for cash considerations.

August 5, 2015
Signed Richard Jefferson.

September 2, 2015
Signed J.R. Smith to a multi-year contract.

September 8, 2015
Signed Sasha Kaun to a multi-year contract.

September 28, 2015
Signed Chris Johnson.

Signed D.J. Stephens.

Signed Nick Minnerath.

Signed Michael Dunigan.

Signed Austin Daye.

Signed Jared Cunningham.

Signed Quinn Cook.

October 9, 2015
Signed Dionte Christmas.

October 10, 2015
Waived Michael Dunigan.

October 17, 2015
Signed Jack Cooley.

Waived Chris Johnson.

October 22, 2015
Signed Tristan Thompson to a multi-year contract.

Waived Nick Minnerath.

October 23, 2015
Waived Dionte Christmas.

Waived Jack Cooley.

Waived Austin Daye.

Waived D.J. Stephens.

October 24, 2015
Waived Quinn Cook.

November 13, 2015
Assigned Joe Harris to the Canton Charge of the G-League.

November 19, 2015
Recalled Joe Harris from the Canton Charge of the G-League.

November 20, 2015
Assigned Joe Harris to the Canton Charge of the G-League.

November 21, 2015
Recalled Joe Harris from the Canton Charge of the G-League.

November 28, 2015
Assigned Joe Harris to the Canton Charge of the G-League.

November 30, 2015
Recalled Joe Harris from the Canton Charge of the G-League.

December 2, 2015
Assigned Joe Harris to the Canton Charge of the G-League.

December 17, 2015
Recalled Joe Harris from the Canton Charge of the G-League.

December 19, 2015
Assigned Joe Harris to the Canton Charge of the G-League.

December 20, 2015
Recalled Joe Harris from the Canton Charge of the G-League.

January 12, 2016
Traded Joe Harris, cash considerations and a 2017 2nd round draft pick to the Orlando Magic for a 2020 2nd round draft pick. Conditional 2017 2nd-rd pick did not convey Conditional 2020 2nd-rd pick did not convey

January 22, 2016
Fired David Blatt as Head Coach.

Hired Tyronn Lue as Head Coach.

February 18, 2016
As part of a 3-team trade, the Cleveland Cavaliers traded Anderson Varejão and a 2018 1st round draft pick (Moritz Wagner was later selected) to the Portland Trail Blazers; the Cleveland Cavaliers traded Jared Cunningham to the Orlando Magic; the Orlando Magic traded Channing Frye to the Cleveland Cavaliers; and the Portland Trail Blazers traded a 2020 2nd round draft pick (Vernon Carey Jr. was later selected) to the Orlando Magic.

February 28, 2016
Signed Jordan McRae to a 10-day contract.

March 9, 2016
Signed Jordan McRae.

April 11, 2016
Assigned Sasha Kaun to the Canton Charge of the G-League.

Assigned Jordan McRae to the Canton Charge of the G-League.

Recalled Jordan McRae from the Canton Charge of the G-League.

Recalled Sasha Kaun from the Canton Charge of the G-League.

April 12, 2016
Assigned Sasha Kaun to the Canton Charge of the G-League.

Assigned Jordan McRae to the Canton Charge of the G-League.

April 13, 2016
Signed Dahntay Jones to a contract for the rest of the season.

Recalled Jordan McRae from the Canton Charge of the G-League.

Recalled Sasha Kaun from the Canton Charge of the G-League.

June 23, 2016
Traded $2.4M cash to the Atlanta Hawks for Kay Felder."
2017,GSW,67-15,11.35,99.8,115.6,104,11.6,9503,3643,2491,785,555,1211,2562,0.383,Bob Myers,Steve Kerr ,A,CLE,(4-1),"July 7, 2016
Signed Kevin Durant to a multi-year contract.

Signed Patrick McCaw to a multi-year contract.

Traded Andrew Bogut and a 2020 2nd round draft pick (Tyrell Terry was later selected) to the Dallas Mavericks for a 2019 2nd round draft pick. DAL has choice between GSW own 2nd-rd pick in 2019 or 2020 Conditional 2019 2nd-round pick is DAL own and did not convey

July 8, 2016
Signed Ian Clark.

July 9, 2016
Signed David West.

July 12, 2016
Signed Zaza Pachulia.

July 13, 2016
Signed James Michael McAdoo.

Signed Damian Jones to a multi-year contract.

July 17, 2016
Signed Anderson Varejão.

August 10, 2016
Signed Elliot Williams.

September 14, 2016
Signed Elgin Cook.

September 15, 2016
Signed Phil Pressey.

Signed Cameron Jones.

Signed JaVale McGee.

September 22, 2016
Signed Scott Wood.

October 9, 2016
Waived Scott Wood.

Waived Elgin Cook.

October 20, 2016
Waived Cameron Jones.

Waived Phil Pressey.

Waived Elliot Williams.

October 21, 2016
Signed Chris Obekpa.

October 22, 2016
Waived Chris Obekpa.

November 21, 2016
Assigned Damian Jones to the Santa Cruz Warriors of the G-League.

November 28, 2016
Recalled Damian Jones from the Santa Cruz Warriors of the G-League.

November 30, 2016
Assigned Damian Jones to the Santa Cruz Warriors of the G-League.

December 9, 2016
Recalled Damian Jones from the Santa Cruz Warriors of the G-League.

December 16, 2016
Assigned Damian Jones to the Santa Cruz Warriors of the G-League.

December 18, 2016
Recalled Damian Jones from the Santa Cruz Warriors of the G-League.

December 19, 2016
Assigned Damian Jones to the Santa Cruz Warriors of the G-League.

December 24, 2016
Recalled Damian Jones from the Santa Cruz Warriors of the G-League.

December 27, 2016
Assigned Damian Jones to the Santa Cruz Warriors of the G-League.

December 28, 2016
Recalled Damian Jones from the Santa Cruz Warriors of the G-League.

December 29, 2016
Assigned Patrick McCaw to the Santa Cruz Warriors of the G-League.

Assigned Damian Jones to the Santa Cruz Warriors of the G-League.

January 3, 2017
Recalled Damian Jones from the Santa Cruz Warriors of the G-League.

Recalled Patrick McCaw from the Santa Cruz Warriors of the G-League.

January 5, 2017
Assigned Damian Jones to the Santa Cruz Warriors of the G-League.

January 13, 2017
Assigned Kevon Looney to the Santa Cruz Warriors of the G-League.

Assigned Patrick McCaw to the Santa Cruz Warriors of the G-League.

January 14, 2017
Recalled Kevon Looney from the Santa Cruz Warriors of the G-League.

Recalled Patrick McCaw from the Santa Cruz Warriors of the G-League.

January 16, 2017
Recalled Damian Jones from the Santa Cruz Warriors of the G-League.

February 3, 2017
Waived Anderson Varejão.

February 4, 2017
Signed Briante Weber to a 10-day contract.

February 14, 2017
Signed Briante Weber to a 2nd 10-day contract.

February 17, 2017
Assigned Briante Weber to the Santa Cruz Warriors of the G-League.

February 21, 2017
Recalled Briante Weber from the Santa Cruz Warriors of the G-League.

February 24, 2017
Assigned Damian Jones to the Santa Cruz Warriors of the G-League.

March 1, 2017
Signed José Calderón.

March 2, 2017
Signed Matt Barnes.

Waived José Calderón.

March 4, 2017
José Calderón claimed on waivers by the Atlanta Hawks.

March 11, 2017
Recalled Damian Jones from the Santa Cruz Warriors of the G-League.

March 12, 2017
Assigned Damian Jones to the Santa Cruz Warriors of the G-League.

March 17, 2017
Assigned Kevon Looney to the Santa Cruz Warriors of the G-League.

March 20, 2017
Recalled Kevon Looney from the Santa Cruz Warriors of the G-League.

March 22, 2017
Assigned Kevon Looney to the Santa Cruz Warriors of the G-League.

March 24, 2017
Recalled Kevon Looney from the Santa Cruz Warriors of the G-League.

April 11, 2017
Recalled Damian Jones from the Santa Cruz Warriors of the G-League.

June 22, 2017
Traded $3.5M cash to the Chicago Bulls for Jordan Bell."
2018,GSW,58-24,5.79,99.6,113.6,107.7,6,9304,3568,2402,656,612,1265,2369,0.391,Bob Myers,Steve Kerr ,A,CLE,(4-0),"July 6, 2017
Signed David West.

July 7, 2017
Signed Zaza Pachulia.

July 8, 2017
Signed Nick Young.

Signed Jordan Bell to a multi-year contract.

July 12, 2017
Signed Omri Casspi.

Signed Andre Iguodala to a multi-year contract.

July 14, 2017
Signed Shaun Livingston to a multi-year contract.

Signed Chris Boucher to a two-way contract.

August 1, 2017
Signed JaVale McGee.

August 16, 2017
Signed Antonius Cleveland.

Signed Georges Niang.

August 29, 2017
Signed Michael Gbinije.

September 21, 2017
Signed Alex Hamilton.

October 1, 2017
Waived Alex Hamilton.

Waived Antonius Cleveland.

October 13, 2017
Signed Trevor Thompson.

Waived Trevor Thompson.

October 14, 2017
Waived Georges Niang.

Waived Michael Gbinije.

October 17, 2017
Signed Quinn Cook to a two-way contract.

October 25, 2017
Assigned Damian Jones to the Santa Cruz Warriors of the G-League.

November 13, 2017
Recalled Damian Jones from the Santa Cruz Warriors of the G-League.

November 14, 2017
Assigned Damian Jones to the Santa Cruz Warriors of the G-League.

December 16, 2017
Recalled Damian Jones from the Santa Cruz Warriors of the G-League.

December 22, 2017
Assigned Damian Jones to the Santa Cruz Warriors of the G-League.

January 12, 2018
Recalled Damian Jones from the Santa Cruz Warriors of the G-League.

January 16, 2018
Assigned Damian Jones to the Santa Cruz Warriors of the G-League.

January 28, 2018
Assigned Damian Jones to the Santa Cruz Warriors of the G-League.

February 11, 2018
Assigned Patrick McCaw to the Santa Cruz Warriors of the G-League.

February 12, 2018
Recalled Patrick McCaw from the Santa Cruz Warriors of the G-League.

March 3, 2018
Assigned Jordan Bell to the Santa Cruz Warriors of the G-League.

March 9, 2018
Recalled Damian Jones from the Santa Cruz Warriors of the G-League.

March 22, 2018
Assigned Damian Jones to the Santa Cruz Warriors of the G-League.

April 8, 2018
Waived Omri Casspi.

April 10, 2018
Signed Quinn Cook to a multi-year contract.

June 21, 2018
Drafted Jacob Evans in the 1st round (28th pick) of the 2018 NBA Draft.

June 22, 2018
Waived Chris Boucher."
2019,TOR,58-24,5.49,100.2,113.1,107.1,6,9384,3706,2085,680,437,1150,2771,0.366,Masai Ujiri,Nick Nurse ,A,GSW,(4-2),"July 6, 2018
Signed Fred VanVleet as a free agent.

July 17, 2018
Waived Alfonzo McKinnie.

July 18, 2018
Traded DeMar DeRozan, Jakob Pöltl and a 2019 1st round draft pick (Keldon Johnson was later selected) to the San Antonio Spurs for Danny Green, Kawhi Leonard and cash. (2019 1st-rd pick is top-20 protected.) $5MM

July 20, 2018
Signed Chris Boucher to an Exhibit 10 contract.

Signed Lorenzo Brown as a free agent.

August 7, 2018
Signed Jordan Loyd to a two-way contract.

August 10, 2018
Signed Greg Monroe as a free agent.

August 20, 2018
Signed Kay Felder as a free agent.

September 13, 2018
Signed Kyle Collinsworth.

Signed Deng Adel.

September 21, 2018
Signed Eric Moreland to an Exhibit 10 contract.

October 12, 2018
Signed Malcolm Miller to an Exhibit 10 contract.

Signed Chris Boucher to a two-way contract.

October 13, 2018
Waived Malcolm Miller.

Waived Eric Moreland.

Waived Kay Felder.

Waived Kyle Collinsworth.

Waived Deng Adel.

November 9, 2018
Assigned Malachi Richardson to the Raptors 905 of the G-League.

December 2, 2018
Assigned Malachi Richardson to the Raptors 905 of the G-League.

December 3, 2018
Recalled Malachi Richardson from the Raptors 905 of the G-League.

December 29, 2018
Assigned Malachi Richardson to the Raptors 905 of the G-League.

January 7, 2019
Waived Lorenzo Brown.

January 10, 2019
Signed Patrick McCaw.

January 11, 2019
Recalled Malachi Richardson from the Raptors 905 of the G-League.

January 17, 2019
Assigned Malachi Richardson to the Raptors 905 of the G-League.

January 19, 2019
Recalled Malachi Richardson from the Raptors 905 of the G-League.

January 21, 2019
Assigned Malachi Richardson to the Raptors 905 of the G-League.

January 22, 2019
Recalled Malachi Richardson from the Raptors 905 of the G-League.

January 23, 2019
Assigned Malachi Richardson to the Raptors 905 of the G-League.

February 6, 2019
Traded Emir Preldžić, Malachi Richardson and a 2022 2nd round draft pick (Tyrese Martin was later selected) to the Philadelphia 76ers for cash. 2022 2nd-rd pick is TOR own

February 7, 2019
Traded C.J. Miles, Jonas Valančiūnas, Delon Wright and a 2024 2nd round draft pick (Juan Nunez was later selected) to the Memphis Grizzlies for Marc Gasol.

Traded Greg Monroe and a 2021 2nd round draft pick (JT Thor was later selected) to the Brooklyn Nets for cash. ($110K)

February 9, 2019
Signed Malcolm Miller to a multi-year contract.

February 10, 2019
Converted Chris Boucher from a two-way contract to a regular contract.

February 13, 2019
Assigned Malcolm Miller to the Raptors 905 of the G-League.

Signed Jeremy Lin to a contract for the rest of the season.

February 20, 2019
Signed Jodie Meeks to a 10-day contract.

February 23, 2019
Assigned Malcolm Miller to the Raptors 905 of the G-League.

February 24, 2019
Recalled Chris Boucher from the Raptors 905 of the G-League.

February 26, 2019
Recalled Malcolm Miller from the Raptors 905 of the G-League.

March 2, 2019
Assigned Malcolm Miller to the Raptors 905 of the G-League.

Assigned Chris Boucher to the Raptors 905 of the G-League.

March 14, 2019
Signed Eric Moreland to a 10-day contract.

Assigned Malcolm Miller to the Raptors 905 of the G-League.

Recalled Malcolm Miller from the Raptors 905 of the G-League.

March 16, 2019
Assigned Chris Boucher to the Raptors 905 of the G-League.

Assigned Malcolm Miller to the Raptors 905 of the G-League.

March 21, 2019
Assigned Chris Boucher to the Raptors 905 of the G-League.

March 23, 2019
Assigned Malcolm Miller to the Raptors 905 of the G-League.

March 24, 2019
Recalled Chris Boucher from the Raptors 905 of the G-League.

Recalled Malcolm Miller from the Raptors 905 of the G-League.

March 26, 2019
Assigned Chris Boucher to the Raptors 905 of the G-League.

Assigned Malcolm Miller to the Raptors 905 of the G-League.

Signed Jodie Meeks to a contract for the rest of the season.

March 27, 2019
Recalled Chris Boucher from the Raptors 905 of the G-League.

Recalled Malcolm Miller from the Raptors 905 of the G-League.

March 29, 2019
Assigned Malcolm Miller to the Raptors 905 of the G-League.

Assigned Chris Boucher to the Raptors 905 of the G-League.

March 30, 2019
Recalled Malcolm Miller from the Raptors 905 of the G-League.

April 9, 2019
Signed Eric Moreland.

June 20, 2019
Drafted Dewan Hernandez in the 2nd round (59th pick) of the 2019 NBA Draft."
2020,LAL,52-19,6.28,100.9,112,106.3,5.7,8054,3247,1803,612,468,1077,2242,0.349,Rob Pelinka,Frank Vogel ,A,MIA,(4-2),"July 1, 2019
Signed Zach Norvell Jr. to a two-way contract.

July 6, 2019
Signed Danny Green as a free agent.

Signed DeMarcus Cousins as a free agent.

Signed Kentavious Caldwell-Pope as a free agent.

Signed JaVale McGee as a free agent.

Signed Quinn Cook as a free agent.

As part of a 3-team trade, the Los Angeles Lakers traded Isaac Bonga, Jemerrio Jones, Moritz Wagner and a 2022 2nd round draft pick (Kennedy Chandler was later selected) to the Washington Wizards; the Los Angeles Lakers traded Lonzo Ball, Josh Hart, De'Andre Hunter, Brandon Ingram, cash, a 2022 1st round draft pick (Dyson Daniels was later selected), a 2023 1st round draft pick and a 2025 1st round draft pick (Drake Powell was later selected) to the New Orleans Pelicans; the New Orleans Pelicans traded Anthony Davis to the Los Angeles Lakers; and the Washington Wizards traded cash to the New Orleans Pelicans. (9-30 protected, unprotected in 2022) 2023 first-round pick was right to swap with LAL NOP exercised option to defer 2024 first-round pick to 2025. $1MM $1.1MM 2022 2nd-rd pick is LAL own

July 7, 2019
Signed Alex Caruso as a free agent.

Signed Jared Dudley as a free agent.

Signed Troy Daniels as a free agent.

July 8, 2019
Signed Rajon Rondo as a free agent.

Signed Avery Bradley as a free agent.

July 9, 2019
Signed Aric Holman to an Exhibit 10 contract.

Signed Devontae Cacok to an Exhibit 10 contract.

July 13, 2019
Signed Talen Horton-Tucker to a multi-year contract.

July 20, 2019
Signed Jordan Caroline to an Exhibit 10 contract.

July 21, 2019
Claimed Kostas Antetokounmpo on waivers from the Dallas Mavericks.

August 13, 2019
Signed Demetrius Jackson to an Exhibit 10 contract.

August 26, 2019
Signed Dwight Howard as a free agent.

Waived Aric Holman.

August 29, 2019
Aric Holman claimed on waivers by the Dallas Mavericks.

October 4, 2019
Signed David Stockton to an Exhibit 10 contract.

Waived Jordan Caroline.

October 15, 2019
Signed Reggie Hearn to an Exhibit 10 contract.

Waived David Stockton.

October 17, 2019
Signed Marcus Allen to an Exhibit 10 contract.

Waived Reggie Hearn.

October 19, 2019
Waived Marcus Allen.

October 21, 2019
Waived Devontae Cacok.

Waived Demetrius Jackson.

October 29, 2019
Assigned Talen Horton-Tucker to the South Bay Lakers of the G-League.

Recalled Talen Horton-Tucker from the South Bay Lakers of the G-League.

October 30, 2019
Assigned Kyle Kuzma to the South Bay Lakers of the G-League.

Assigned Talen Horton-Tucker to the South Bay Lakers of the G-League.

Recalled Kyle Kuzma from the South Bay Lakers of the G-League.

November 8, 2019
Recalled Talen Horton-Tucker from the South Bay Lakers of the G-League.

November 9, 2019
Assigned Talen Horton-Tucker to the South Bay Lakers of the G-League.

Recalled Talen Horton-Tucker from the South Bay Lakers of the G-League.

November 11, 2019
Assigned Talen Horton-Tucker to the South Bay Lakers of the G-League.

December 8, 2019
Recalled Talen Horton-Tucker from the South Bay Lakers of the G-League.

December 11, 2019
Signed Devontae Cacok to a two-way contract.

Waived Zach Norvell Jr..

December 14, 2019
Assigned Talen Horton-Tucker to the South Bay Lakers of the G-League.

December 21, 2019
Recalled Talen Horton-Tucker from the South Bay Lakers of the G-League.

January 6, 2020
Recalled Talen Horton-Tucker from the South Bay Lakers of the G-League.

February 18, 2020
Assigned Talen Horton-Tucker to the South Bay Lakers of the G-League.

February 23, 2020
Signed Markieff Morris to a contract for the rest of the season.

February 24, 2020
Waived DeMarcus Cousins.

March 2, 2020
Waived Troy Daniels.

March 6, 2020
Signed Dion Waiters to a contract for the rest of the season.

July 1, 2020
Signed J.R. Smith to a substitution contract. (substituting for Avery Bradley)

November 18, 2020
Drafted Jaden McDaniels in the 1st round (28th pick) of the 2020 NBA Draft."
2021,MIL,46-26,5.57,102.2,117.2,111.4,5.7,8649,3465,1834,585,334,995,2669,0.389,Jon Horst,Mike Budenholzer ,A,PHX,(4-2),"November 18, 2020
Traded a 2025 2nd round draft pick (Tyrese Proctor was later selected) to the Cleveland Cavaliers for Ilkan Karaman. 2025 2nd-rd pick is MIL's own

Traded a 2022 2nd round draft pick (Max Christie was later selected) and a 2026 2nd round draft pick to the Orlando Magic for a 2020 2nd round draft pick (Jordan Nwora was later selected). 2026 2nd-rd pick is MIL own 2022 2nd-rd pick is IND own and could have been either 2022, 2023, or 2024

November 19, 2020
Waived Ersan Ilyasova.

November 23, 2020
Signed Jordan Nwora to a multi-year contract.

Signed Pat Connaughton to a multi-year contract.

Signed Mamadi Diakite to a two-way contract.

As part of a 4-team trade, the Milwaukee Bucks traded George Hill to the Oklahoma City Thunder; the Milwaukee Bucks traded Eric Bledsoe, a 2024 1st round draft pick (Yves Missi was later selected), a 2025 1st round draft pick (Nolan Traoré was later selected), a 2026 1st round draft pick and a 2027 1st round draft pick to the New Orleans Pelicans; the Milwaukee Bucks traded R.J. Hampton to the Denver Nuggets; the Denver Nuggets traded a 2023 1st round draft pick (Nick Smith Jr. was later selected) to the Oklahoma City Thunder; the New Orleans Pelicans traded Jrue Holiday and Sam Merrill to the Milwaukee Bucks; the New Orleans Pelicans traded Zylan Cheatham, Joshia Gray, Darius Miller, Kenrich Williams, a 2023 2nd round draft pick (Hunter Tyson was later selected) and a 2024 2nd round draft pick (Tyler Kolek was later selected) to the Oklahoma City Thunder; and the Oklahoma City Thunder traded Steven Adams to the New Orleans Pelicans. New Orleans acquires right to swap 2024 1st-rd pick with Milwaukee 2025 1st-rd pick is MIL own New Orleans acquires right to swap 2026 1st-rd pick with Milwaukee 2027 1st-rd pick is MIL own 2023 top-14 protected 1st-rd pick was DEN own 2023 2nd-rd pick was WAS own 2024 2nd-rd pick is CHO own

November 24, 2020
Signed Bobby Portis as a free agent.

Signed Bryn Forbes as a free agent.

Signed Jaylen Adams to a two-way contract.

November 25, 2020
Signed Torrey Craig as a free agent.

Signed D.J. Augustin as a free agent.

November 30, 2020
Signed E.J. Montgomery to an Exhibit 10 contract.

Signed Justin Patton to an Exhibit 10 contract.

Signed Nik Stauskas.

Signed Sam Merrill to a multi-year contract.

December 1, 2020
Signed Treveon Graham to an Exhibit 10 contract.

December 17, 2020
Waived E.J. Montgomery.

Waived Justin Patton.

December 19, 2020
Waived Nik Stauskas.

Waived Treveon Graham.

February 3, 2021
Assigned Sam Merrill to the Memphis Hustle of the G-League.

Assigned Jordan Nwora to the Salt Lake City Stars of the G-League.

February 12, 2021
Recalled Jordan Nwora from the Salt Lake City Stars of the G-League.

February 19, 2021
Recalled Sam Merrill from the Memphis Hustle of the G-League.

March 14, 2021
Signed Axel Toupane to a two-way contract.

March 18, 2021
Traded Torrey Craig to the Phoenix Suns for cash. Milwaukee also received a trade exception

March 19, 2021
Traded D.J. Augustin, D.J. Wilson, a 2021 1st round draft pick (Josh Christopher was later selected) and a 2023 1st round draft pick (Kobe Brown was later selected) to the Houston Rockets for Rodions Kurucs, P.J. Tucker, a 2021 2nd round draft pick (Isaiah Todd was later selected) and a 2022 1st round draft pick (MarJon Beauchamp was later selected). 2021 2nd-rd pick is HOU own Conditional 2022 1st-rd draft pick is MIL own and Milwaukee also receives a trade exception Conditional 2021 1st-rd pick is MIL own 2023 1st-rd pick was MIL own and Houston also receives a trade exception

April 1, 2021
Signed Jeff Teague.

April 21, 2021
Converted Mamadi Diakite from a two-way contract to a regular contract.

Signed Justin Jackson to a two-way contract.

May 12, 2021
Waived Rodions Kurucs.

May 13, 2021
Signed Elijah Bryant.

July 29, 2021
Drafted Isaiah Todd in the 2nd round (31st pick) of the 2021 NBA Draft."
2022,GSW,53-29,5.52,98.4,112.5,106.9,5.6,9102,3730,2223,719,372,1221,3231,0.364,Bob Myers,Steve Kerr ,A,BOS,(4-2),"August 3, 2021
Signed Jonathan Kuminga to a multi-year contract.

August 4, 2021
Waived Alen Smailagić.

August 5, 2021
Signed Moses Moody to a multi-year contract.

August 6, 2021
Signed Otto Porter.

Signed Nemanja Bjelica.

August 7, 2021
Traded Eric Paschall to the Utah Jazz. Golden State received a trade exception

August 10, 2021
Signed Andre Iguodala.

August 13, 2021
Signed Chris Chiozza to a two-way contract.

September 25, 2021
Signed Langston Galloway.

September 26, 2021
Signed Jordan Bell.

Signed Avery Bradley.

October 10, 2021
Signed Quinndary Weatherspoon.

Waived Langston Galloway.

October 13, 2021
Signed L.J. Figueroa.

Waived Quinndary Weatherspoon.

October 15, 2021
Signed Axel Toupane.

Waived Jordan Bell.

October 16, 2021
Waived Mychal Mulder.

Waived L.J. Figueroa.

Waived Avery Bradley.

Waived Gary Payton II.

Waived Axel Toupane.

October 18, 2021
Avery Bradley claimed on waivers by the Los Angeles Lakers.

Claimed Jeff Dowtin on waivers from the Orlando Magic.

Signed Jeff Dowtin to a two-way contract.

October 19, 2021
Signed Gary Payton II.

November 2, 2021
Assigned Jonathan Kuminga to the Santa Cruz Warriors of the G-League.

Assigned Moses Moody to the Santa Cruz Warriors of the G-League.

November 3, 2021
Recalled Moses Moody from the Santa Cruz Warriors of the G-League.

Recalled Jonathan Kuminga from the Santa Cruz Warriors of the G-League.

November 6, 2021
Assigned Jonathan Kuminga to the Santa Cruz Warriors of the G-League.

November 7, 2021
Recalled Jonathan Kuminga from the Santa Cruz Warriors of the G-League.

November 26, 2021
Assigned Moses Moody to the Santa Cruz Warriors of the G-League.

Assigned Jonathan Kuminga to the Santa Cruz Warriors of the G-League.

November 27, 2021
Recalled Jonathan Kuminga from the Santa Cruz Warriors of the G-League.

Recalled Moses Moody from the Santa Cruz Warriors of the G-League.

December 1, 2021
Assigned Jonathan Kuminga to the Santa Cruz Warriors of the G-League.

Assigned Moses Moody to the Santa Cruz Warriors of the G-League.

December 6, 2021
Recalled Jonathan Kuminga from the Santa Cruz Warriors of the G-League.

Recalled Moses Moody from the Santa Cruz Warriors of the G-League.

December 7, 2021
Assigned Jonathan Kuminga to the Santa Cruz Warriors of the G-League.

Assigned Moses Moody to the Santa Cruz Warriors of the G-League.

December 10, 2021
Recalled Jonathan Kuminga from the Santa Cruz Warriors of the G-League.

Recalled Moses Moody from the Santa Cruz Warriors of the G-League.

December 23, 2021
Signed Quinndary Weatherspoon to a 10-day contract.

January 2, 2022
Waived Jeff Dowtin.

January 3, 2022
Signed Quinndary Weatherspoon to a two-way contract.

January 7, 2022
Assigned Moses Moody to the Santa Cruz Warriors of the G-League.

January 10, 2022
Assigned Jonathan Kuminga to the Santa Cruz Warriors of the G-League.

January 11, 2022
Recalled Moses Moody from the Santa Cruz Warriors of the G-League.

Recalled Jonathan Kuminga from the Santa Cruz Warriors of the G-League.

January 12, 2022
Assigned Moses Moody to the Santa Cruz Warriors of the G-League.

January 18, 2022
Recalled Moses Moody from the Santa Cruz Warriors of the G-League.

January 29, 2022
Assigned Moses Moody to the Santa Cruz Warriors of the G-League.

January 31, 2022
Recalled Moses Moody from the Santa Cruz Warriors of the G-League.

February 25, 2022
Assigned James Wiseman to the Santa Cruz Warriors of the G-League.

February 26, 2022
Recalled James Wiseman from the Santa Cruz Warriors of the G-League.

March 9, 2022
Assigned James Wiseman to the Santa Cruz Warriors of the G-League.

March 16, 2022
Recalled James Wiseman from the Santa Cruz Warriors of the G-League.

April 4, 2022
Assigned Moses Moody to the Santa Cruz Warriors of the G-League.

April 6, 2022
Recalled Moses Moody from the Santa Cruz Warriors of the G-League.

June 23, 2022
Drafted Patrick Baldwin Jr. in the 1st round (28th pick) of the 2022 NBA Draft.

Drafted Tyrese Martin in the 2nd round (51st pick) of the 2022 NBA Draft.

Drafted Gui Santos in the 2nd round (57th pick) of the 2022 NBA Draft.

Traded Tyrese Martin and cash to the Atlanta Hawks for Ryan Rollins."
2023,DEN,53-29,3.04,98.1,117.6,114.2,3.4,9495,3527,2368,618,368,1192,2559,0.379,Calvin Booth,Michael Malone ,A,MIA,(4-1),"July 3, 2022
Signed Christian Braun to a multi-year contract.

Signed Peyton Watson to a multi-year contract.

Signed Collin Gillespie to a two-way contract.

July 6, 2022
Traded Will Barton and Monte Morris to the Washington Wizards for Kentavious Caldwell-Pope and Ish Smith. Denver also received a trade exceptions

Traded a 2024 2nd round draft pick (Tyler Kolek was later selected) to the Portland Trail Blazers for Ismael Kamagate. 2023 2nd-rd pick is more favorable

July 7, 2022
Signed Bruce Brown to a multi-year contract.

Signed Vlatko Čančar to a multi-year contract.

July 9, 2022
Signed Kellan Grady to an Exhibit 10 contract.

Signed Adonis Arms to an Exhibit 10 contract.

Signed Davon Reed to a multi-year contract.

July 11, 2022
Signed DeAndre Jordan.

July 19, 2022
Signed Jack White to a two-way contract.

August 25, 2022
Signed Justin Tillman.

September 25, 2022
Waived Justin Tillman.

September 26, 2022
Signed Grant Golden.

October 7, 2022
Waived Adonis Arms.

Waived Grant Golden.

October 10, 2022
Signed Chasson Randle.

Signed Grant Golden.

October 11, 2022
Waived Kellan Grady.

October 14, 2022
Waived Chasson Randle.

October 15, 2022
Waived Grant Golden.

February 9, 2023
As part of a 4-team trade, the Denver Nuggets traded a 2024 2nd round draft pick to the Orlando Magic; the Denver Nuggets traded Davon Reed to the Los Angeles Lakers; the Denver Nuggets traded Bones Hyland to the Los Angeles Clippers; the Los Angeles Clippers traded a 2024 2nd round draft pick (Bronny James was later selected) and a 2025 2nd round draft pick (John Tonje was later selected) to the Los Angeles Lakers; the Los Angeles Lakers traded Thomas Bryant to the Denver Nuggets; the Los Angeles Lakers traded Patrick Beverley and cash to the Orlando Magic; and the Orlando Magic traded Mo Bamba to the Los Angeles Lakers. Denver also received multiple trade exceptions 2024 2nd-rd pick was DEN own, pick later rescinded Los Angeles also received multiple trade exceptions 2024 2nd-rd pick is LAC own 2025 2nd-rd pick is LAC own

February 14, 2023
Signed Reggie Jackson.

June 22, 2023
Drafted Maxwell Lewis in the 2nd round (40th pick) of the 2023 NBA Draft.

June 23, 2023
As part of a 4-team trade, the Denver Nuggets traded a 2029 1st round draft pick to the Oklahoma City Thunder; the Denver Nuggets traded Maxwell Lewis to the Los Angeles Lakers; the Indiana Pacers traded Jalen Pickett and Julian Strawther to the Denver Nuggets; the Los Angeles Lakers traded Mojave King and cash to the Indiana Pacers; the Oklahoma City Thunder traded Hunter Tyson and a 2024 2nd round draft pick (Kevin McCullar Jr. was later selected) to the Denver Nuggets; and the Oklahoma City Thunder traded a 2024 1st round draft pick (Isaiah Collier was later selected) and a 2024 1st round draft pick to the Indiana Pacers. 2024 2nd-rd pick is least favorable of MIN and CHO 2029 protected 1st-rd pick is DEN own 2024 top-4 protected pick is least favorable of OKC, LAC, and HOU 2024 top-10 protected pick was UTA own, did not convey"
2024,BOS,64-18,10.74,97.2,123.2,111.6,11.6,9887,3799,2207,557,538,979,3482,0.388,Brad Stevens,Joe Mazzulla ,A,DAL,(4-1),"July 6, 2023
Signed Oshae Brissett to a multi-year contract.

Signed Jordan Walsh to a multi-year contract.

July 9, 2023
Signed JD Davison to a two-way contract.

July 11, 2023
Signed Grant Williams to a multi-year contract.

July 12, 2023
As part of a 3-team trade, the Boston Celtics traded Grant Williams to the Dallas Mavericks; the Dallas Mavericks traded a 2025 2nd round draft pick and a 2030 2nd round draft pick to the Boston Celtics; the Dallas Mavericks traded Reggie Bullock and a 2030 1st round draft pick to the San Antonio Spurs; the San Antonio Spurs traded a 2024 2nd round draft pick (Adem Bona was later selected) to the Boston Celtics; and the San Antonio Spurs traded a 2025 2nd round draft pick (Chaz Lanier was later selected) and a 2028 2nd round draft pick to the Dallas Mavericks. 2030 1st-rd pick is a right to swap 2025 2nd-rd pick is TOR own 2028 2nd-rd pick is MIA own 2024 2nd-rd pick is more favorable 2025 2nd-rd pick is a right to swap, did not convey 2030 2nd-rd pick is DAL own

July 15, 2023
Signed Jay Scrubb to a two-way contract.

July 17, 2023
Signed Dalano Banton to a multi-year contract.

July 31, 2023
Waived Justin Champagnie.

August 31, 2023
Signed Sviatoslav Mykhailiuk.

September 8, 2023
Signed Taylor Funk to an Exhibit 10 contract.

September 17, 2023
Signed Neemias Queta to a two-way contract.

September 25, 2023
Signed Lamar Stevens to an Exhibit 10 contract.

September 27, 2023
Signed Jordan Schakel to an Exhibit 10 contract.

September 28, 2023
Signed Brandon Slater to an Exhibit 10 contract.

Waived Brandon Slater.

Waived Taylor Funk.

Waived Jordan Schakel.

September 29, 2023
Signed D.J. Steward to an Exhibit 10 contract.

October 1, 2023
Traded Malcolm Brogdon, Robert Williams, a 2024 1st round draft pick (Bub Carrington was later selected) and a 2029 1st round draft pick to the Portland Trail Blazers for Jrue Holiday. 2024 conditional 1st-rd pick is GSW own 2029 1st-rd pick is BOS own, Portland also receives a trade exception

October 2, 2023
Signed Kylor Kelley to an Exhibit 10 contract.

Signed Wenyen Gabriel to an Exhibit 10 contract.

October 4, 2023
Waived Kylor Kelley.

October 20, 2023
Signed Reggie Kissoonlal to an Exhibit 10 contract.

Signed James Banks to an Exhibit 10 contract.

Waived D.J. Steward.

Waived Reggie Kissoonlal.

Waived James Banks.

Waived Wenyen Gabriel.

October 22, 2023
Signed Nathan Knight to a two-way contract.

Waived Jay Scrubb.

December 12, 2023
Waived Nathan Knight.

December 14, 2023
Signed Drew Peterson to a two-way contract.

February 7, 2024
Traded Lamar Stevens, a 2027 2nd round draft pick and a 2030 2nd round draft pick to the Memphis Grizzlies for Xavier Tillman Sr.. Boston also received a trade exception Memphis also received a trade exception 2027 2nd-rd pick is ATL own 2030 2nd-rd pick is DAL own

February 8, 2024
Traded Dalano Banton and cash to the Portland Trail Blazers. Boston received a trade exception in return

Traded a 2024 2nd round draft pick (Adem Bona was later selected) to the Philadelphia 76ers for Jaden Springer. 2024 2nd-rd pick is more favorable and Philadelphia also received a trade exception

April 8, 2024
Converted Neemias Queta from a two-way contract to a regular contract.

June 26, 2024
Drafted Baylor Sheierman in the 1st round (30th pick) of the 2024 NBA Draft.

June 27, 2024
Drafted Anton Watson in the 2nd round (54th pick) of the 2024 NBA Draft."
2025,OKC,68-14,12.7,100,120.3,107.5,12.8,9881,3672,2202,847,465,961,3184,0.374,Sam Presti,Mark Daigneault,A,IND,(4-3),"June 26, 2024
Traded a 2025 2nd round draft pick (Kobe Sanders was later selected), a 2026 2nd round draft pick, a 2027 2nd round draft pick, a 2027 2nd round draft pick and a 2027 2nd round draft pick to the New York Knicks for Dillon Jones. 2025 2nd-rd pick is more favorable; became MEM pick 2026 2nd-rd pick is GSW own 2027 2nd-rd pick is most favorable 2027 2nd-rd pick is MIN own

June 27, 2024
Traded Oso Ighodaro and cash to the New York Knicks for Ajay Mitchell.

Traded Lindy Waters III to the Golden State Warriors for Quinten Post.

Traded Quinten Post and cash to the Portland Trail Blazers for Oso Ighodaro.

July 6, 2024
Signed Nikola Topic to a multi-year contract.

Signed Dillon Jones to a multi-year contract.

Signed Isaiah Hartenstein to a multi-year contract.

Signed Ajay Mitchell to a two-way contract.

July 7, 2024
Signed Isaiah Joe to a multi-year contract.

Signed Aaron Wiggins to a multi-year contract.

July 15, 2024
Signed Alex Ducas to a two-way contract.

September 27, 2024
Signed Alex Reese to an Exhibit 10 contract.

Signed Malevy Leons to an Exhibit 10 contract.

Signed Cormac Ryan to an Exhibit 10 contract.

October 8, 2024
Signed Miller Kopp to an Exhibit 10 contract.

October 11, 2024
Signed Javonte Cooke to an Exhibit 10 contract.

Waived Miller Kopp.

October 12, 2024
Signed Chase Jeter to an Exhibit 10 contract.

Waived Javonte Cooke.

October 14, 2024
Waived Chase Jeter.

October 16, 2024
Signed Buddy Boeheim to an Exhibit 10 contract.

Waived Alex Reese.

October 18, 2024
Waived Cormac Ryan.

Waived Buddy Boeheim.

October 19, 2024
Signed Alex Reese.

Waived Malevy Leons.

October 31, 2024
Signed Malevy Leons.

Waived Alex Reese.

November 16, 2024
Signed Branden Carlson.

Waived Malevy Leons.

January 7, 2025
Waived Branden Carlson.

January 10, 2025
Signed Branden Carlson to a 10-day contract.

January 22, 2025
Signed Branden Carlson to a 2nd 10-day contract.

February 5, 2025
Traded cash and a 2031 2nd round draft pick to the New Orleans Pelicans for Daniel Theis. 2031 2nd-rd pick is a right to swap New Orleans also received a trade exception

February 6, 2025
Converted Ajay Mitchell from a two-way contract to a regular contract.

Signed Branden Carlson to a two-way contract.

Waived Daniel Theis.

June 25, 2025
Drafted Thomas Sorber in the 1st round (15th pick) of the 2025 NBA Draft.

Drafted Nique Clifford in the 1st round (24th pick) of the 2025 NBA Draft.

Drafted Brooks Barnhizer in the 2nd round (44th pick) of the 2025 NBA Draft.

Traded Nique Clifford to the Sacramento Kings for a 2027 1st round draft pick. 2027 1st-rd pick is protected

June 28, 2025
Traded Dillon Jones and a 2029 2nd round draft pick to the Washington Wizards for Colby Jones. Oklahoma City also received a trade exception 2029 2nd-rd pick is HOU own

Waived Colby Jones."
2026,NYK,53-29,6.04,96.8,119.8,113.3,6.5,9549,3740,2250,666,322,1119,3133,0.373,Gersson Rosas,Mike Brown ,A,SAS,(4-1),"February 13, 2026
Signed Jeremy Sochan.

February 5, 2026
Traded cash and Dalen Terry to the New Orleans Pelicans for Jose Alvarado and Latavious Williams. New York also received a trade exception

Traded cash and Guerschon Yabusele to the Chicago Bulls for Dalen Terry. New York also received a trade exception

January 20, 2026
Signed Dillon Jones to a two-way contract.

January 7, 2026
Waived Tosan Evbuomwan.

October 18, 2025
Waived Garrison Mathews.

Waived Alex Len.

Waived Matt Ryan.

October 16, 2025
Signed Isaiah Roby to an Exhibit 10 contract.

Signed Donovan Williams to an Exhibit 10 contract.

Signed Adama-Alpha Bal to an Exhibit 10 contract.

Signed Romeo Langford to an Exhibit 10 contract.

Signed Ibrahima Diallo to an Exhibit 10 contract.

Waived Adama-Alpha Bal.

Waived Romeo Langford.

Waived Malcolm Brogdon.

Waived Ibrahima Diallo.

Waived Isaiah Roby.

September 16, 2025
Signed Kevin McCullar Jr. to a two-way contract.

Signed Trey Jemison to a two-way contract.

Signed Tosan Evbuomwan to a two-way contract.

September 15, 2025
Signed Matt Ryan to an Exhibit 10 contract.

Signed Dink Pate to an Exhibit 10 contract.

Signed Bryson Warren to an Exhibit 10 contract.

Signed Mohamed Diawara to an Exhibit 10 contract.

Signed Landry Shamet.

Signed Alex Len.

Signed Garrison Mathews.

Signed Malcolm Brogdon.

Waived Dink Pate.

Waived Bryson Warren.

July 7, 2025
Signed Jordan Clarkson.

July 6, 2025
Signed Guerschon Yabusele to a multi-year contract."
