Year ,Team,Record ,SRS,Pace,ORtg,DRtg ,Net Rating,PTS,REB,AST,STL,BLK,TOV,3PA,3P%,GM,Coach,Era,Finals Opponent,Result,Notes
1990,POR,59-23,6.48,102.3,110.5,104.4,6.1,9365,3907,2085,749,364,1356,565,0.336,Bucky Buckwalter,Rick Adelman,P,DET,(1-4),"July 20, 1989
Caldwell Jones signed as an unrestricted free agent with the San Antonio Spurs.

July 24, 1989
Signed Wayne Cooper as an unrestricted free agent.

Waived Jerry Sichting.

August 1, 1989
Signed Dražen Petrović to a multi-year contract.

August 22, 1989
Signed Nate Johnston as a free agent.

October 13, 1989
Waived Adrian Branch.

October 17, 1989
Traded Richard Anderson to the Charlotte Hornets for Robert Reid.

October 30, 1989
Waived Rolando Ferreira.

October 31, 1989
Waived Nate Johnston.

December 7, 1989
Waived Robert Reid.

January 8, 1990
Signed Nate Johnston to the first of two 10-day contracts.

January 29, 1990
Signed Nate Johnston as a free agent.

June 27, 1990
Drafted Alaa Abdelnaby in the 1st round (25th pick) of the 1990 NBA Draft.

June 29, 1990
Waived Nate Johnston.

"
1991,LAL,58-24,6.73,94.1,112.1,105,7.1,8717,3518,2091,642,384,1203,744,0.304,Jerry West,Mike Dunleavy,P,CHI,(1-4),"August 3, 1990
Traded Orlando Woolridge to the Denver Nuggets for a 1993 2nd round draft pick and a 1995 2nd round draft pick. Conditional 1993 2nd-rd pick did not convey Conditional 1995 2nd-rd pick did not convey

August 6, 1990
Signed Sam Perkins as an unrestricted free agent.

August 15, 1990
Waived Michael Cooper.

September 25, 1990
Traded a 1991 1st round draft pick (Shaun Vandiver was later selected) to the Golden State Warriors for Terry Teagle.

Traded Mark McNamara to the San Antonio Spurs for a 1994 2nd round draft pick. Conditional 1994 2nd-rd pick did not convey

October 2, 1990
Signed Mario Elie as a free agent.

Signed Tony Brown as an unrestricted free agent.

October 13, 1990
Waived Quintin Dailey.

October 15, 1990
Waived Mario Elie.

October 16, 1990
Signed Irving Thomas as a free agent.

December 6, 1990
Waived Tony Brown.

June 26, 1991
Drafted Anthony Jones in the 2nd round (52nd pick) of the 1991 NBA Draft."
1992,POR,57-25,6.94,99,111.4,104.2,7.3,9135,3843,2065,753,410,1328,944,0.344,Bucky Buckwalter,Rick Adelman ,P,CHI,(2-4),"September 16, 1991
Signed Robert Pack as a free agent.

Signed Gerald Paddio as a free agent.

October 4, 1991
Signed Ennis Whatley as a free agent.

October 29, 1991
Waived Walter Davis.

January 7, 1992
Waived Danny Young.

June 24, 1992
Drafted Dave Johnson in the 1st round (26th pick) of the 1992 NBA Draft.

Drafted Reggie Smith in the 2nd round (31st pick) of the 1992 NBA Draft."
1993,PHX,62-20,6.27,99.8,113.3,106.7,6.7,9298,3651,2087,752,455,1359,1095,0.363,Jerry Colangelo,Paul Westphal,P,CHI,(2-4),"July 3, 1992
Signed Danny Ainge as a free agent.

August 18, 1992
Signed Tim Kempton as an unrestricted free agent.

September 24, 1992
Released Chad Gallagher.

September 29, 1992
Signed Alex Stivrins as a free agent.

October 8, 1992
Signed Frank Johnson as a free agent.

October 22, 1992
Waived Brad Davis.

November 3, 1992
Waived Frank Johnson.

November 5, 1992
Signed Frank Johnson as a free agent.

Waived Ed Nealy.

November 20, 1992
Waived Kurt Rambis.

December 28, 1992
Waived Alex Stivrins.

March 31, 1993
Signed Alex Stivrins to the first of two 10-day contracts.

April 11, 1993
Waived Alex Stivrins.

June 25, 1993
Released Tom Chambers.

June 30, 1993
Drafted Malcolm Mackey in the 1st round (27th pick) of the 1993 NBA Draft.

Drafted Mark Buford in the 2nd round (49th pick) of the 1993 NBA Draft.

Drafted Byron Wilson in the 2nd round (54th pick) of the 1993 NBA Draft."
1994,NYK,57-25,6.48,92.8,105.7,98.2,7.5,8076,3717,2067,752,385,1360,908,0.348,Ernie Grunfeld,Pat Riley,P,HOU,(3-4),"October 5, 1993
Signed Anthony Bonner as a free agent.

December 18, 1993
Signed Corey Gaines as a free agent.

January 5, 1994
Signed Gerald Paddio as a free agent.

January 6, 1994
Traded Tony Campbell and a 1997 1st round draft pick (John Thomas was later selected) to the Dallas Mavericks for Derek Harper.

January 20, 1994
Waived Gerald Paddio.

June 29, 1994
Drafted Monty Williams in the 1st round (24th pick) of the 1994 NBA Draft.

Drafted Charlie Ward in the 1st round (26th pick) of the 1994 NBA Draft."
1995,ORL,57-25,6.44,95.1,115.1,107.8,7.3,9091,3606,2281,672,488,1297,1412,0.37,Pat Williams,Brian Hill,P,HOU,(0-4),"July 1, 1994
Released Litterial Green.

July 29, 1994
Traded Scott Skiles, a 1996 1st round draft pick (Todd Fuller was later selected) and a 1998 1st round draft pick (Vince Carter was later selected) to the Washington Bullets for a 1996 2nd round draft pick (Randy Livingston was later selected) and a 1998 1st round draft pick (Keon Clark was later selected).

September 19, 1994
Signed Horace Grant as an unrestricted free agent.

September 22, 1994
Signed Brian Shaw as an unrestricted free agent.

October 7, 1994
Signed Greg Grant as a free agent.

October 31, 1994
Signed Tree Rollins as a free agent.

November 3, 1994
Waived Greg Kite.

November 17, 1994
Waived Keith Tower.

November 21, 1994
Signed Rodney Dent.

November 28, 1994
Waived Greg Grant.

April 8, 1995
Signed Darrell Armstrong as a free agent.

June 24, 1995
Lost Rodney Dent to the Vancouver Grizzlies in the NBA expansion draft.

Traded a 1996 2nd round draft pick (Randy Livingston was later selected) to the Vancouver Grizzlies. (In exchange for the Magic agreeing to take Rodney Dent in the expansion draft)

June 28, 1995
Drafted David Vaughn in the 1st round (25th pick) of the 1995 NBA Draft."
1996,SEA,64-18,7.4,93.8,110.3,102.1,8.2,8572,3403,1999,882,393,1441,1596,0.364,Wally Walker,George Karl ,P,CHI,(2-4),"July 5, 1995
Bill Cartwright retired.

September 18, 1995
Traded Byron Houston and Šarūnas Marčiulionis to the Sacramento Kings for Frank Brickowski.

October 5, 1995
Signed Steve Scheffler as a free agent.

October 25, 1995
Signed Trevor Wilson as a free agent.

October 31, 1995
Waived Trevor Wilson.

June 25, 1996
Traded a 1996 1st round draft pick (Priest Lauderdale was later selected) to the Atlanta Hawks for a 1996 2nd round draft pick (Ron Riley was later selected) and a 1996 2nd round draft pick (Joe Vogel was later selected).

June 26, 1996
Drafted Joseph Blair in the 2nd round (35th pick) of the 1996 NBA Draft.

Drafted Joe Vogel in the 2nd round (45th pick) of the 1996 NBA Draft.

Drafted Ron Riley in the 2nd round (47th pick) of the 1996 NBA Draft.

Drafted Drew Barry in the 2nd round (57th pick) of the 1996 NBA Draft.

June 28, 1996
Traded Ron Riley to the Detroit Pistons for a 1997 2nd round draft pick (Eddie Elisma was later selected)."
1997,UTH,64-18,7.97,90,113.6,104,9.7,8454,3299,2199,748,418,1259,902,0.37,Scott Layden,Jerry Sloan,P,CHI,(2-4),"August 9, 1996
Traded Felton Spencer to the Orlando Magic for Kenny Gattison, Brooks Thompson and a 1999 1st round draft pick (Andrei Kirilenko was later selected).

September 18, 1996
Released Kenny Gattison.

October 2, 1996
Signed Ruben Nembhard as a free agent.

October 4, 1996
Signed Stephen Howard as a free agent.

October 29, 1996
Waived Stephen Howard.

Waived Ruben Nembhard.

November 15, 1996
Waived Brooks Thompson.

January 6, 1997
Signed Ruben Nembhard to the first of two 10-day contracts.

January 15, 1997
Signed Stephen Howard to the first of two 10-day contracts.

February 3, 1997
Signed Stephen Howard to a contract for the rest of the season.

March 5, 1997
Waived Jamie Watson.

June 25, 1997
Drafted Jacque Vaughn in the 1st round (27th pick) of the 1997 NBA Draft.

Drafted Nate Erdmann in the 2nd round (56th pick) of the 1997 NBA Draft."
1998,UTH,62-20,5.73,89.2,112.7,105.4,7.3,8279,3367,2070,648,412,1259,670,0.372,Scott Layden,Jerry Sloan,P,CHI,(2-4),"October 3, 1997
Signed Troy Hudson as a free agent.

December 28, 1997
Waived Troy Hudson.

February 14, 1998
Signed William Cunningham to the first of two 10-day contracts.

June 24, 1998
Drafted Nazr Mohammed in the 1st round (29th pick) of the 1998 NBA Draft.

Drafted Torraye Braggs in the 2nd round (57th pick) of the 1998 NBA Draft.

Traded Nazr Mohammed to the Philadelphia 76ers for a 1999 1st round draft pick (Quincy Lewis was later selected)."
1999,NYK,27-23,1.45,86.9,98.6,97.5,1.2,4320,2061,963,395,262,804,589,0.353,"Dave Checketts, Ernie Grunfeld",Jeff Van Gundy,T,SAS,(1-4),"January 21, 1999
Signed Ben Davis as a free agent.

Signed Rick Brunson as a free agent.

Traded Terry Cummings, Chris Mills and John Starks to the Golden State Warriors for Latrell Sprewell.

January 22, 1999
Signed Kurt Thomas as a free agent.

January 24, 1999
Signed Dennis Scott as a free agent.

January 27, 1999
Buck Williams retired.

February 1, 1999
Signed David Wingate as a free agent.

March 11, 1999
Traded a 2000 1st round draft pick (Quentin Richardson was later selected) to the Philadelphia 76ers for Mirsad Türkcan.

March 13, 1999
Waived Dennis Scott.

June 30, 1999
Drafted Frédéric Weis in the 1st round (15th pick) of the 1999 NBA Draft.

Drafted J.R. Koch in the 2nd round (46th pick) of the 1999 NBA Draft."
2000,IND,56-26,4.15,93.1,108.5,103.6,4.9,8306,3454,1857,559,422,1159,1487,0.392,Donnie Walsh,Larry Bird,T,LAL,(2-4),"August 1, 1999
Traded Antonio Davis to the Toronto Raptors for Jonathan Bender.

October 1, 1999
Signed Žan Tabak as a free agent.

October 4, 1999
Signed Mitchell Butler as a free agent.

October 30, 1999
Waived Mark Pope.

Waived Mitchell Butler.

June 28, 2000
Drafted Primož Brezec in the 1st round (27th pick) of the 2000 NBA Draft.

Drafted Jaquay Walls in the 2nd round (56th pick) of the 2000 NBA Draft.
"
2001,PHI,56-26,3.63,90.6,103.6,98.9,4.7,7763,3675,1692,690,408,1292,803,0.326,Billy King,Larry Brown,T,LAL,(1-4),"August 17, 2000
Signed Jermaine Jackson as a free agent.

October 2, 2000
Signed Pepe Sánchez as a free agent.

Signed Ademola Okulaja as a free agent.

October 28, 2000
Signed Vernon Maxwell as a free agent.

October 30, 2000
Waived Jermaine Jackson.

December 19, 2000
Waived Ademola Okulaja.

December 22, 2000
Signed Rodney Buford as a free agent.

Signed Kevin Ollie as a free agent.

Waived Vernon Maxwell.

February 22, 2001
Traded Toni Kukoč, Nazr Mohammed, Theo Ratliff and Pepe Sánchez to the Atlanta Hawks for Roshown McLeod and Dikembe Mutombo.

March 7, 2001
Signed Anthony Miller as a free agent.

March 15, 2001
Signed Pepe Sánchez as a free agent.

Waived Anthony Miller.

April 6, 2001
Signed Raja Bell to a 10-day contract, then signed to a contract for the rest of the season.

June 26, 2001
Traded TO_TRADE to the Los Angeles Clippers for cash and a 2001 2nd round draft pick (Damone Brown was later selected).

June 27, 2001
Drafted Samuel Dalembert in the 1st round (26th pick) of the 2001 NBA Draft.

Drafted Damone Brown in the 2nd round (37th pick) of the 2001 NBA Draft.

Drafted Alvin Jones in the 2nd round (57th pick) of the 2001 NBA Draft."
2002,NJN,52-30,3.67,91.8,104,99.5,4.5,7889,3554,1990,716,490,1189,1194,0.338,Rod Thorn,Byron Scott ,T,LAL,(0-4),"July 18, 2001
Traded Stephon Marbury, Johnny Newman and Soumaila Samake to the Phoenix Suns for Chris Dudley and Jason Kidd.

August 7, 2001
Signed Todd MacCulloch as a free agent.

August 15, 2001
Waived Chris Dudley.

October 1, 2001
Signed Paul Grant.

October 2, 2001
Signed David Vanterpool as a free agent.

Signed Donny Marshall as a free agent.

Signed Derrick Dial as a free agent.

October 3, 2001
Waived Derrick Dial.

October 7, 2001
Waived Paul Grant.

October 10, 2001
Signed Steve Goodrich as a free agent.

October 17, 2001
Waived Jim McIlvaine.

October 22, 2001
Waived David Vanterpool.

October 25, 2001
Waived Donny Marshall.

Waived Steve Goodrich.

October 30, 2001
Signed Reggie Slater as a free agent.

November 26, 2001
Waived Reggie Slater.

November 27, 2001
Signed Steve Goodrich as a free agent.

January 7, 2002
Signed Donny Marshall to two 10-day contracts, then signed to a contract for the rest of the season.

Signed Anthony Johnson to two 10-day contracts, then signed to a contract for the rest of the season.

Waived Steve Goodrich.

June 26, 2002
Drafted Nenad Krstić in the 1st round (24th pick) of the 2002 NBA Draft.

Drafted Tamar Slay in the 2nd round (54th pick) of the 2002 NBA Draft."
2003,NJN,49-33,4.42,91.6,103.8,98.1,5.7,7820,3519,1887,717,374,1212,1041,0.332,Rod Thorn,Byron Scott ,T,SAS,(2-4),"August 1, 2002
Signed Chris Childs as a free agent.

August 6, 2002
Traded Todd MacCulloch and Keith Van Horn to the Philadelphia 76ers for Dikembe Mutombo.

August 14, 2002
Signed Rodney Rogers as a free agent.

October 25, 2002
Signed Anthony Johnson as a free agent.

October 28, 2002
Waived Donny Marshall.

March 7, 2003
Waived Chris Childs.

March 11, 2003
Signed Donny Marshall to two 10-day contracts, then signed to a contract for the rest of the season.

June 26, 2003
Drafted Zoran Planinić in the 1st round (22nd pick) of the 2003 NBA Draft.

Drafted Kyle Korver in the 2nd round (51st pick) of the 2003 NBA Draft.

Sold player rights to Kyle Korver to the Philadelphia 76ers."
2004,LAL,56-26,4.35,92.3,105.5,101.3,4.2,8052,3536,1948,682,379,1132,1115,0.327,Mitch Kupchak,Phil Jackson,T,DET,(1-4),"July 16, 2003
Signed Gary Payton as a free agent.

Signed Karl Malone as a free agent.

July 24, 2003
Signed Jamal Sampson as a free agent.

July 29, 2003
Signed Horace Grant as a free agent.

August 13, 2003
Signed Maurice Carter as a free agent.

Signed Ime Udoka as a free agent.

October 1, 2003
Signed Bryon Russell as a free agent.

October 14, 2003
Waived Maurice Carter.

January 7, 2004
Waived Jannero Pargo.

January 30, 2004
Signed Maurice Carter to the first of two 10-day contracts.

June 22, 2004
Lost Jamal Sampson to the Charlotte Bobcats in the NBA expansion draft.

June 24, 2004
Drafted Sasha Vujačić in the 1st round (27th pick) of the 2004 NBA Draft.

Drafted Marcus Douthit in the 2nd round (56th pick) of the 2004 NBA Draft."
2005,DET,54-28,3.31,87.2,105.6,101.2,4.4,7653,3561,1787,576,497,1133,1053,0.345,Joe Dumars,Larry Brown,T,SAS,(3-4),"July 16, 2004
Signed Antonio McDyess as a free agent.

July 21, 2004
Signed Ronald Dupree as a free agent.

August 4, 2004
Signed Horace Jenkins as a free agent.

Traded Corliss Williamson to the Philadelphia 76ers for Derrick Coleman and Amal McCaskill.

October 1, 2004
Signed Smush Parker as a free agent.

Waived Amal McCaskill.

January 4, 2005
Waived Smush Parker.

January 5, 2005
Signed Anthony Goldwire to the first of two 10-day contracts.

Waived Derrick Coleman.

January 21, 2005
Traded Elden Campbell and a 2006 1st round draft pick (Joel Freeland was later selected) to the Utah Jazz for Carlos Arroyo.

January 25, 2005
Released Anthony Goldwire.

March 4, 2005
Signed Elden Campbell as a free agent.

June 28, 2005
Drafted Jason Maxiell in the 1st round (26th pick) of the 2005 NBA Draft.

Drafted Amir Johnson in the 2nd round (56th pick) of the 2005 NBA Draft.

Drafted Alex Acker in the 2nd round (60th pick) of the 2005 NBA Draft."
2006,DAL,60-22,5.96,87.8,111.8,105,6.9,8130,3461,1473,593,488,1112,1113,0.374,Donn Nelson,Avery Johnson,T,MIA,(2-4),"August 2, 2005
Signed Josh Powell as a free agent.

August 5, 2005
Signed Rawle Marshall as a free agent.

August 19, 2005
Signed Doug Christie as a free agent.

Signed DeSagana Diop as a free agent.

October 3, 2005
Signed Kaniel Dickens as a free agent.

October 26, 2005
Waived Kaniel Dickens.

November 25, 2005
Waived Doug Christie.

November 28, 2005
Signed Adrian Griffin as a free agent.

December 29, 2005
Assigned Rawle Marshall to the Fort Worth Flyers of the G-League.

February 26, 2006
Recalled Rawle Marshall from the Fort Worth Flyers of the G-League.

February 27, 2006
Assigned Josh Powell to the Fort Worth Flyers of the G-League.

March 4, 2006
Recalled Josh Powell from the Fort Worth Flyers of the G-League.

March 7, 2006
Assigned Pavel Podkolzin to the Fort Worth Flyers of the G-League.

April 20, 2006
Assigned Rawle Marshall to the Fort Worth Flyers of the G-League.

Assigned Pavel Podkolzin to the Fort Worth Flyers of the G-League.

April 23, 2006
Recalled Rawle Marshall from the Fort Worth Flyers of the G-League.

June 28, 2006
Drafted Maurice Ager in the 1st round (28th pick) of the 2006 NBA Draft.

Drafted J.R. Pinnock in the 2nd round (58th pick) of the 2006 NBA Draft.

Traded J.R. Pinnock to the Los Angeles Lakers for a 2007 2nd round draft pick (Renaldas Seibutis was later selected)."
2007,CLE,50-32,3.33,90.8,105.5,101.3,4.2,7934,3568,1708,625,353,1177,1404,0.352,Danny Ferry,Mike Brown,T,SAS,(0-4),"Transactions 
August 18, 2006
Signed Scot Pollard as a free agent.

Traded Martynas Andriuškevičius to the Chicago Bulls for Eddie Basden.

September 5, 2006
Signed David Wesley as a free agent.

October 13, 2006
Traded Luke Jackson and cash to the Boston Celtics for Dwayne Jones. Cleveland also received a trade exception from Boston.

October 24, 2006
Stephen Graham claimed on waivers by the Portland Trail Blazers.

Waived Stephen Graham.

March 2, 2007
Assigned Shannon Brown to the Albuquerque Thunderbirds of the G-League.

March 3, 2007
Recalled Shannon Brown from the Albuquerque Thunderbirds of the G-League.

March 23, 2007
Assigned Dwayne Jones to the Albuquerque Thunderbirds of the G-League.

March 26, 2007
Recalled Dwayne Jones from the Albuquerque Thunderbirds of the G-League."
2008,LAL,57-25,7.34,95.6,113,105.5,7.6,8904,3620,2003,654,438,1156,1751,0.378,Mitch Kupchak,Phil Jackson,T,BOS,(2-4),"July 20, 2007
Signed Derek Fisher as a free agent.

July 30, 2007
Signed Coby Karl as a free agent.

November 20, 2007
Traded Brian Cook and Maurice Evans to the Orlando Magic for Trevor Ariza.

November 28, 2007
Assigned Coby Karl to the Los Angeles D-Fenders of the G-League.

December 24, 2007
Recalled Coby Karl from the Los Angeles D-Fenders of the G-League.

January 21, 2008
Signed D.J. Mbenga to two 10-day contracts, then signed to a contract for the rest of the season.

February 1, 2008
Traded Kwame Brown, Javaris Crittenton, Marc Gasol, Aaron McKie, a 2008 1st round draft pick (Donté Greene was later selected) and a 2010 1st round draft pick (Greivis Vásquez was later selected) to the Memphis Grizzlies for Pau Gasol and a 2010 2nd round draft pick (Devin Ebanks was later selected).

February 14, 2008
Assigned Coby Karl to the Los Angeles D-Fenders of the G-League.

February 19, 2008
Recalled Coby Karl from the Los Angeles D-Fenders of the G-League.

March 21, 2008
Signed Ira Newble to a 10-day contract, then signed to a contract for the rest of the season.

April 5, 2008
Assigned Coby Karl to the Los Angeles D-Fenders of the G-League.

April 19, 2008
Recalled Coby Karl from the Los Angeles D-Fenders of the G-League.

June 26, 2008
Drafted Joe Crawford in the 2nd round (58th pick) of the 2008 NBA Draft."
2009,ORL,59-23,6.48,92.3,109.2,101.9,7.2,8286,3547,1593,570,439,1142,2147,0.381,Otis Smith,Stan Van Gundy,T,LAL,(1-4),"July 10, 2008
Signed Mickaël Piétrus as a free agent.

July 15, 2008
Signed Anthony Johnson as a free agent.

July 21, 2008
Sold player rights to Keyon Dooling to the New Jersey Nets.

July 29, 2008
Waived James Augustine.

September 12, 2008
Pat Garrity retired.

September 25, 2008
Signed Jeremy Richardson as a free agent.

Signed Dwayne Jones as a free agent.

Signed Mike Wilks as a free agent.

October 23, 2008
Waived Dwayne Jones.

February 5, 2009
Traded Keith Bogans and cash to the Milwaukee Bucks for Tyronn Lue.

February 19, 2009
As part of a 3-team trade, the Orlando Magic traded Adonal Foyle, Mike Wilks and a 2009 1st round draft pick (DeMarre Carroll was later selected) to the Memphis Grizzlies; the Orlando Magic traded Brian Cook to the Houston Rockets; the Houston Rockets traded Rafer Alston to the Orlando Magic; and the Memphis Grizzlies traded Kyle Lowry to the Houston Rockets.

March 23, 2009
Signed Adonal Foyle as a free agent.

June 25, 2009
Traded Rafer Alston, Tony Battie and Courtney Lee to the New Jersey Nets for Ryan Anderson and Vince Carter."
2010,BOS,50-32,3.37,91.6,107.7,103.8,4,8136,3165,1930,701,402,1219,1433,0.348,Danny Ainge,Doc Rivers,T,LAL,(3-4),"July 8, 2009
Signed Rasheed Wallace as a free agent.

July 31, 2009
Waived Gabe Pruitt.

August 8, 2009
Signed Shelden Williams as a free agent.

September 2, 2009
Signed Marquis Daniels as a free agent.

November 21, 2009
Assigned Bill Walker to the Maine Red Claws of the G-League.

December 15, 2009
Assigned Lester Hudson to the Maine Red Claws of the G-League.

December 20, 2009
Recalled Lester Hudson from the Maine Red Claws of the G-League.

December 23, 2009
Recalled Bill Walker from the Maine Red Claws of the G-League.

December 26, 2009
Assigned Lester Hudson to the Maine Red Claws of the G-League.

December 30, 2009
Recalled Lester Hudson from the Maine Red Claws of the G-League.

January 8, 2010
Lester Hudson claimed on waivers by the Memphis Grizzlies.

January 21, 2010
Assigned JR Giddens to the Maine Red Claws of the G-League.

January 29, 2010
Recalled JR Giddens from the Maine Red Claws of the G-League.

February 18, 2010
Traded J.R. Giddens, Eddie House, Henry Walker and a 2014 2nd round draft pick to the New York Knicks for Marcus Landry and Nate Robinson. Conditional 2014 2nd-rd pick did not convey

March 6, 2010
Assigned Marcus Landry to the Maine Red Claws of the G-League.

Signed Michael Finley to a contract for the rest of the season.

April 4, 2010
Recalled Marcus Landry from the Maine Red Claws of the G-League.

April 9, 2010
Waived Marcus Landry.

April 13, 2010
Signed Oliver Lafayette to a contract for the rest of the season.

June 24, 2010
Drafted Avery Bradley in the 1st round (19th pick) of the 2010 NBA Draft.

Drafted Luke Harangody in the 2nd round (52nd pick) of the 2010 NBA Draft."
2011,MIA,58-24,6.76,90.9,111.7,103.5,8.2,8369,3456,1639,544,430,1142,1479,0.37,Pat Riley,Erik Spoelstra,T,DAL,(2-4),"July 9, 2010
Signed Dwyane Wade to a multi-year contract.

July 10, 2010
Traded a 2011 2nd round draft pick (Milan Mačvan was later selected), a 2012 2nd round draft pick (Jae Crowder was later selected), a 2013 1st round draft pick (Nemanja Nedović was later selected) and a 2016 1st round draft pick (Timothé Luwawu-Cabarrot was later selected) to the Cleveland Cavaliers for LeBron James. Cleveland also received a trade exception from Miami. Cleveland had the option to swap 1st round draft picks with Miami in 2012 but did not do so.

Traded a 2011 1st round draft pick (Norris Cole was later selected) and a 2011 1st round draft pick (Jonas Valančiūnas was later selected) to the Toronto Raptors for Chris Bosh. Toronto also received a trade exception from Miami. This was the same 1st round draft pick that Toronto had previously traded to Miami on February 13, 2009.

July 12, 2010
Traded Michael Beasley to the Minnesota Timberwolves for cash, a 2011 2nd round draft pick (Bojan Bogdanović was later selected) and a 2014 2nd round draft pick (Markel Brown was later selected).

July 15, 2010
Signed Mike Miller as a free agent.

July 17, 2010
Signed Zydrunas Ilgauskas as a free agent.

July 20, 2010
Signed Juwan Howard as a free agent.

July 27, 2010
Signed Shavlik Randolph as a free agent.

August 3, 2010
Signed Eddie House as a free agent.

October 20, 2010
Waived Shavlik Randolph.

October 23, 2010
Signed Jerry Stackhouse as a free agent.

November 23, 2010
Signed Erick Dampier as a free agent.

Waived Jerry Stackhouse.

November 26, 2010
Assigned Dexter Pittman to the Sioux Falls Skyforce of the G-League.

December 20, 2010
Recalled Dexter Pittman from the Sioux Falls Skyforce of the G-League.

January 6, 2011
Assigned Dexter Pittman to the Sioux Falls Skyforce of the G-League.

February 12, 2011
Recalled Dexter Pittman from the Sioux Falls Skyforce of the G-League.

March 1, 2011
Waived Carlos Arroyo.

March 2, 2011
Signed Mike Bibby as a free agent.

June 23, 2011
Drafted Bojan Bogdanović in the 2nd round (31st pick) of the 2011 NBA Draft.

Traded Bojan Bogdanović to the Minnesota Timberwolves for Norris Cole."
2012,OKC,47-19,6.44,93,109.8,103.2,6.5,6802,2883,1224,498,539,1079,1317,0.358,Sam Presti,Scott Brooks,A,MIA,(1-4),"February 24, 2011
Traded Jeff Green, Nenad Krstić, cash, a 2012 1st round draft pick (Fab Melo was later selected) and a 2013 2nd round draft pick (Álex Abrines was later selected) to the Boston Celtics for Kendrick Perkins and Nate Robinson. draft pick awarded by NBA on June 26, 2012 to resolve dispute over Jeff Green's medical condition

December 13, 2011
Traded Robert Vaden, a 2012 2nd round draft pick (Robbie Hummel was later selected) and a 2013 2nd round draft pick (Bojan Dubljević was later selected) to the Minnesota Timberwolves for Lazar Hayward.

December 19, 2011
Traded Byron Mullens to the Charlotte Bobcats for a 2013 2nd round draft pick (Álex Abrines was later selected).

December 24, 2011
Waived Nate Robinson.

January 16, 2012
Assigned Ryan Reid to the Tulsa 66ers of the G-League.

January 19, 2012
Signed Russell Westbrook to a multi-year contract.

February 6, 2012
Recalled Ryan Reid from the Tulsa 66ers of the G-League.

March 2, 2012
Assigned Lazar Hayward to the Tulsa 66ers of the G-League.

March 4, 2012
Recalled Lazar Hayward from the Tulsa 66ers of the G-League.

March 16, 2012
Assigned Ryan Reid to the Tulsa 66ers of the G-League.

March 17, 2012
Assigned Lazar Hayward to the Tulsa 66ers of the G-League.

March 18, 2012
Recalled Lazar Hayward from the Tulsa 66ers of the G-League.

March 21, 2012
Signed Derek Fisher as a free agent.

Recalled Ryan Reid from the Tulsa 66ers of the G-League.

Waived Ryan Reid.

March 24, 2012
Assigned Reggie Jackson to the Tulsa 66ers of the G-League.

March 25, 2012
Recalled Reggie Jackson from the Tulsa 66ers of the G-League.

June 28, 2012
Drafted Perry Jones in the 1st round (28th pick) of the 2012 NBA Draft."
2013,SAS,58-24,6.67,94.2,108.3,101.6,6.7,8448,3387,2058,695,446,1206,1764,0.376,R.C. Buford,Gregg Popovich ,A,MIA,(3-4),"July 13, 2012
Signed Nando De Colo as a free agent.

August 21, 2012
Waived Derrick Byars.

September 27, 2012
Signed Josh Powell as a free agent.

Signed Derrick Brown as a free agent.

October 1, 2012
Signed Sherron Collins as a free agent.

Signed Eddy Curry as a free agent.

October 5, 2012
Waived Sherron Collins.

October 23, 2012
Waived Eddy Curry.

Waived Derrick Brown.

October 26, 2012
Waived Josh Powell.

November 15, 2012
Assigned Cory Joseph to the Austin Toros of the G-League.

November 21, 2012
Signed James Anderson as a free agent.

Recalled Cory Joseph from the Austin Toros of the G-League.

December 1, 2012
Assigned Cory Joseph to the Austin Toros of the G-League.

December 2, 2012
Assigned Nando de Colo to the Austin Toros of the G-League.

December 3, 2012
Recalled Nando de Colo from the Austin Toros of the G-League.

December 5, 2012
Recalled Cory Joseph from the Austin Toros of the G-League.

December 17, 2012
Assigned Cory Joseph to the Austin Toros of the G-League.

December 19, 2012
Assigned Kawhi Leonard to the Austin Toros of the G-League.

December 20, 2012
Recalled Kawhi Leonard from the Austin Toros of the G-League.

Waived James Anderson.

January 4, 2013
Assigned Nando de Colo to the Austin Toros of the G-League.

January 5, 2013
Recalled Nando de Colo from the Austin Toros of the G-League.

January 14, 2013
Recalled Cory Joseph from the Austin Toros of the G-League.

January 22, 2013
Assigned Cory Joseph to the Austin Toros of the G-League.

January 23, 2013
Signed Aron Baynes as a free agent.

Recalled Cory Joseph from the Austin Toros of the G-League.

January 24, 2013
Assigned Cory Joseph to the Austin Toros of the G-League.

February 1, 2013
Assigned Aron Baynes to the Austin Toros of the G-League.

February 4, 2013
Recalled Aron Baynes from the Austin Toros of the G-League.

February 28, 2013
Assigned Aron Baynes to the Austin Toros of the G-League.

Recalled Cory Joseph from the Austin Toros of the G-League.

March 1, 2013
Recalled Aron Baynes from the Austin Toros of the G-League.

March 15, 2013
Assigned Nando de Colo to the Austin Toros of the G-League.

Assigned Aron Baynes to the Austin Toros of the G-League.

March 17, 2013
Recalled Nando de Colo from the Austin Toros of the G-League.

March 19, 2013
Recalled Aron Baynes from the Austin Toros of the G-League.

March 24, 2013
Assigned Aron Baynes to the Austin Toros of the G-League.

March 31, 2013
Recalled Aron Baynes from the Austin Toros of the G-League.

April 5, 2013
Assigned Aron Baynes to the Austin Toros of the G-League.

April 8, 2013
Recalled Aron Baynes from the Austin Toros of the G-League.

April 12, 2013
Waived Stephen Jackson.

April 16, 2013
Signed Tracy McGrady to a contract for the rest of the season.

June 27, 2013
Drafted Livio Jean-Charles in the 1st round (28th pick) of the 2013 NBA Draft.

Drafted Deshaun Thomas in the 2nd round (58th pick) of the 2013 NBA Draft."
2014,MIA,54-28,4.15,91.2,110.9,105.8,5.2,8380,3024,1847,732,367,1212,1829,0.364,Pat Riley,Erik Spoelstra,A,SAS,(1-4),"July 10, 2013
Signed Chris Andersen as a free agent.

July 16, 2013
Waived Mike Miller.

August 7, 2013
Signed Greg Oden as a free agent.

September 10, 2013
Signed Eric Griffin as a free agent.

Signed Justin Hamilton.

September 11, 2013
Signed Michael Beasley as a free agent.

September 23, 2013
Signed Larry Drew II as a free agent.

September 27, 2013
Signed Roger Mason as a free agent.

October 21, 2013
Waived Charlie Westbrook.

Waived Larry Drew II.

Waived Jarvis Varnado.

October 26, 2013
Waived Justin Hamilton.

Waived Eric Griffin.

January 15, 2014
As part of a 3-team trade, the Miami Heat traded Joel Anthony, cash, a 2015 2nd round draft pick (Jordan Mickey was later selected), a 2016 2nd round draft pick (Ben Bentil was later selected) and a 2016 2nd round draft pick (Deyonta Davis was later selected) to the Boston Celtics; the Boston Celtics traded MarShon Brooks and Jordan Crawford to the Golden State Warriors; and the Golden State Warriors traded Toney Douglas to the Miami Heat.

February 20, 2014
Traded Roger Mason and cash to the Sacramento Kings for a 2015 2nd round draft pick. Conditional 2015 2nd-rd pick did not convey

February 25, 2014
Signed DeAndre Liggins to a 10-day contract.

March 8, 2014
Signed DeAndre Liggins to a 2nd 10-day contract.

March 9, 2014
Recalled DeAndre Liggins from the Sioux Falls Skyforce of the G-League.

March 14, 2014
Signed Justin Hamilton to a contract for the rest of the season.

Released DeAndre Liggins from 10-day contract.

March 20, 2014
Assigned Justin Hamilton to the Sioux Falls Skyforce of the G-League.

March 23, 2014
Recalled Justin Hamilton from the Sioux Falls Skyforce of the G-League.

June 26, 2014
Drafted P.J. Hairston in the 1st round (26th pick) of the 2014 NBA Draft.

Drafted Semaj Christon in the 2nd round (55th pick) of the 2014 NBA Draft.

June 27, 2014
Traded Semaj Christon, P.J. Hairston, cash and a 2019 2nd round draft pick (Jaylen Nowell was later selected) to the Charlotte Bobcats for Shabazz Napier."
2015,CLE,53-29,4.08,92.3,111.1,106.3,4.8,8457,3523,1814,603,340,1171,2253,0.367,David Griffin,David Blatt,A,GSW,(2-4),"July 10, 2014
As part of a 3-team trade, the Cleveland Cavaliers traded Jarrett Jack and Sergey Karasev to the Brooklyn Nets; the Cleveland Cavaliers traded Tyler Zeller and a 2016 1st round draft pick (Skal Labissière was later selected) to the Boston Celtics; the Brooklyn Nets traded Marcus Thornton to the Boston Celtics; and the Brooklyn Nets traded Edin Bavčić and İlkan Karaman to the Cleveland Cavaliers.

July 11, 2014
Traded Alonzo Gee to the New Orleans Pelicans for a 2016 2nd round draft pick. (Protected 2016 2nd-rd draft pick did not convey)

July 12, 2014
Signed LeBron James to a multi-year contract.

Traded Scotty Hopson to the Charlotte Bobcats for Brendan Haywood and Dwight Powell.

July 22, 2014
Signed Joe Harris to a multi-year contract.

Traded Carrick Felix, cash and a 2015 2nd round draft pick (Dani Díez was later selected) to the Utah Jazz for John Lucas III, Erik Murphy and Malcolm Thomas.

July 24, 2014
Signed Andrew Wiggins to a multi-year contract.

August 5, 2014
Signed James Jones.

Signed Mike Miller.

August 11, 2014
Signed Alex Kirk to a multi-year contract.

August 23, 2014
Signed Dwight Powell.

As part of a 3-team trade, the Cleveland Cavaliers traded a 2016 1st round draft pick (Timothé Luwawu-Cabarrot was later selected) to the Philadelphia 76ers; the Cleveland Cavaliers traded Anthony Bennett, Andrew Wiggins and a trade exception to the Minnesota Timberwolves; the Minnesota Timberwolves traded Kevin Love to the Cleveland Cavaliers; the Minnesota Timberwolves traded Luc Mbah a Moute and Alexey Shved to the Philadelphia 76ers; and the Philadelphia 76ers traded Thaddeus Young to the Minnesota Timberwolves.

September 25, 2014
Traded John Lucas III, Erik Murphy, Dwight Powell, Malcolm Thomas, a 2016 2nd round draft pick (Abdel Nader was later selected) and a 2017 2nd round draft pick (Kadeem Allen was later selected) to the Boston Celtics for Keith Bogans, a 2015 2nd round draft pick and a 2017 2nd round draft pick. Conditional 2015 2nd-rd pick did not convey Conditional 2017 2nd-rd pick did not convey

September 26, 2014
Signed A.J. Price.

Signed Lou Amundson.

September 27, 2014
Traded Keith Bogans and a 2018 2nd round draft pick (Arnoldas Kulboka was later selected) to the Philadelphia 76ers for a 2015 2nd round draft pick. Conditional 2015 2nd-rd pick did not convey

September 28, 2014
Signed Shane Edwards.

September 30, 2014
Signed Stephen Holt.

October 19, 2014
Waived Chris Crawford.

Waived Stephen Holt.

October 25, 2014
Waived Shane Edwards.

November 1, 2014
Waived A.J. Price.

November 2, 2014
Signed Will Cherry.

November 14, 2014
Assigned Alex Kirk to the Canton Charge of the G-League.

November 19, 2014
Assigned Alex Kirk to the Canton Charge of the G-League.

November 24, 2014
Recalled Alex Kirk from the Canton Charge of the G-League.

November 30, 2014
Assigned Alex Kirk to the Canton Charge of the G-League.

Claimed A.J. Price on waivers from the Indiana Pacers.

Waived Will Cherry.

December 1, 2014
Recalled Alex Kirk from the Canton Charge of the G-League.

December 4, 2014
Assigned Alex Kirk to the Canton Charge of the G-League.

December 21, 2014
Recalled Alex Kirk from the Canton Charge of the G-League.

January 5, 2015
As part of a 3-team trade, the Cleveland Cavaliers traded Dion Waiters to the Oklahoma City Thunder; the Cleveland Cavaliers traded Lou Amundson, Alex Kirk and a 2019 2nd round draft pick (Carsen Edwards was later selected) to the New York Knicks; the New York Knicks traded Iman Shumpert and J.R. Smith to the Cleveland Cavaliers; the Oklahoma City Thunder traded a 2016 1st round draft pick (Furkan Korkmaz was later selected) to the Cleveland Cavaliers; and the Oklahoma City Thunder traded Lance Thomas to the New York Knicks.

January 7, 2015
Traded a 2016 1st round draft pick (Furkan Korkmaz was later selected) and a 2017 1st round draft pick (Harry Giles was later selected) to the Denver Nuggets for Timofey Mozgov and a 2015 2nd round draft pick (Sir'Dominic Pointer was later selected). (CLE sends pair of 1st-Rd picks to DEN. One of the picks is from OKC, which is top-18 protected in 2015 & top-15 protected afterwards. The other pick is from MEM & is conveyed if between 6-14 in 2015 or 2016 & and is top-5 protected in 2017 & 2018).

Waived A.J. Price.

January 20, 2015
Assigned Joe Harris to the Canton Charge of the G-League.

January 21, 2015
Recalled Joe Harris from the Canton Charge of the G-League.

January 24, 2015
Assigned Joe Harris to the Canton Charge of the G-League.

January 25, 2015
Recalled Joe Harris from the Canton Charge of the G-League.

January 27, 2015
Assigned Joe Harris to the Canton Charge of the G-League.

January 28, 2015
Recalled Joe Harris from the Canton Charge of the G-League.

January 29, 2015
Assigned Joe Harris to the Canton Charge of the G-League.

February 2, 2015
Recalled Joe Harris from the Canton Charge of the G-League.

February 5, 2015
Assigned Joe Harris to the Canton Charge of the G-League.

February 8, 2015
Recalled Joe Harris from the Canton Charge of the G-League.

February 12, 2015
Assigned Joe Harris to the Canton Charge of the G-League.

February 18, 2015
Recalled Joe Harris from the Canton Charge of the G-League.

February 24, 2015
Signed Kendrick Perkins.

March 20, 2015
Assigned Joe Harris to the Canton Charge of the G-League.

March 23, 2015
Recalled Joe Harris from the Canton Charge of the G-League.

March 31, 2015
Assigned Joe Harris to the Canton Charge of the G-League.

April 1, 2015
Recalled Joe Harris from the Canton Charge of the G-League.

April 3, 2015
Assigned Joe Harris to the Canton Charge of the G-League.

April 10, 2015
Recalled Joe Harris from the Canton Charge of the G-League.

April 13, 2015
Assigned Joe Harris to the Canton Charge of the G-League.

April 15, 2015
Recalled Joe Harris from the Canton Charge of the G-League.

April 18, 2015
Assigned Joe Harris to the Canton Charge of the G-League.

April 20, 2015
Recalled Joe Harris from the Canton Charge of the G-League.

June 18, 2015
Shawn Marion retired.

June 25, 2015
Drafted Tyus Jones in the 1st round (24th pick) of the 2015 NBA Draft.

Drafted Sir'Dominic Pointer in the 2nd round (53rd pick) of the 2015 NBA Draft.

Traded Tyus Jones to the Minnesota Timberwolves for a 2015 2nd round draft pick (Rakeem Christmas was later selected), a 2015 2nd round draft pick (Cedi Osman was later selected) and a 2019 2nd round draft pick (Justin James was later selected)."
2016,GSW,73-9,10.38,99.3,114.5,103.8,10.7,9421,3788,2373,689,498,1245,2592,0.416,Bob Myers,Steve Kerr,A,CLE,(3-4),"July 8, 2015
Signed Kevon Looney to a multi-year contract.

July 9, 2015
Signed Draymond Green to a multi-year contract.

Traded David Lee to the Boston Celtics for Chris Babb and Gerald Wallace.

July 13, 2015
Signed Leandro Barbosa.

July 31, 2015
Traded Gerald Wallace to the Philadelphia 76ers for Jason Thompson. (PHI also gets rights to swap MIA or OKC 2016 1st Rd Pick for GSW 2016 1st Rd pick)

September 14, 2015
Signed Ian Clark.

Signed Jarell Eddie to a multi-year contract.

September 21, 2015
Signed Juwan Staten.

Signed Tony Mitchell.

September 28, 2015
Signed Ben Gordon.

October 12, 2015
Waived Tony Mitchell.

October 14, 2015
Waived Ben Gordon.

October 15, 2015
Waived Juwan Staten.

October 19, 2015
Signed Chris Udofia.

Signed Xavier Henry.

October 23, 2015
Waived Chris Babb.

Waived Jarell Eddie.

Waived Xavier Henry.

Waived Chris Udofia.

January 4, 2016
Assigned Kevon Looney to the Santa Cruz Warriors of the G-League.

January 24, 2016
Recalled Kevon Looney from the Santa Cruz Warriors of the G-League.

January 28, 2016
Assigned Kevon Looney to the Santa Cruz Warriors of the G-League.

February 2, 2016
Recalled Kevon Looney from the Santa Cruz Warriors of the G-League.

February 22, 2016
Signed Anderson Varejão to a contract for the rest of the season.

Waived Jason Thompson.

March 2, 2016
Assigned Kevon Looney to the Santa Cruz Warriors of the G-League.

March 9, 2016
Recalled Kevon Looney from the Santa Cruz Warriors of the G-League.

March 12, 2016
Assigned Kevon Looney to the Santa Cruz Warriors of the G-League.

March 15, 2016
Recalled Kevon Looney from the Santa Cruz Warriors of the G-League.

June 23, 2016
Drafted Damian Jones in the 1st round (30th pick) of the 2016 NBA Draft.

Traded $2.4M cash to the Milwaukee Bucks for Patrick McCaw."
2017,CLE,51-31,2.87,96.2,113.6,110.3,3.3,9048,3587,1858,539,327,1121,2779,0.384,David Griffin,Tyronn Lue,A,GSW,(1-4),"July 7, 2016
Signed Matthew Dellavedova to a multi-year contract.

Traded Albert Miralles to the Chicago Bulls for Mike Dunleavy and Vladimir Veremeenko.

Traded Matthew Dellavedova to the Milwaukee Bucks for Albert Miralles and $200K. Cleveland create $4.8M trade exception with this deal

July 15, 2016
Traded Sasha Kaun and cash considerations to the Philadelphia 76ers for Chukwudiebere Maduabum.

July 21, 2016
Signed Chris Andersen.

July 28, 2016
Signed Richard Jefferson to a multi-year contract.

July 30, 2016
Waived Dahntay Jones.

August 2, 2016
Signed DeAndre Liggins.

August 3, 2016
Signed James Jones.

August 7, 2016
Signed Kay Felder to a multi-year contract.

August 12, 2016
Signed LeBron James to a multi-year contract.

September 6, 2016
Signed Markel Brown.

September 23, 2016
Signed John Holland.

Signed Cory Jefferson.

September 26, 2016
Signed Eric Moreland.

Signed Dahntay Jones.

Signed Jonathan Holmes.

October 3, 2016
Signed Toney Douglas.

Waived Eric Moreland.

October 15, 2016
Signed J.R. Smith to a multi-year contract.

Waived Toney Douglas.

October 20, 2016
Waived Jonathan Holmes.

Waived Cory Jefferson.

Waived Markel Brown.

October 22, 2016
Waived John Holland.

October 24, 2016
Waived Dahntay Jones.

December 28, 2016
Assigned Kay Felder to the Canton Charge of the G-League.

December 29, 2016
Recalled Kay Felder from the Canton Charge of the G-League.

January 6, 2017
Traded a 2017 1st round draft pick (Caleb Swanigan was later selected) to the Portland Trail Blazers for a 2018 1st round draft pick (Moritz Wagner was later selected).

January 7, 2017
Traded Mike Dunleavy, Mo Williams, a 2021 2nd round draft pick (Herbert Jones was later selected) and a 2022 2nd round draft pick (Vince Williams Jr. was later selected) to the Atlanta Hawks for Kyle Korver. protected 1st-rd pick did not convey in 2019 or 2020, became 2nd-rd picks in 2021 and 2022

January 14, 2017
Assigned Kay Felder to the Canton Charge of the G-League.

January 15, 2017
Recalled Kay Felder from the Canton Charge of the G-League.

February 9, 2017
Signed Derrick Williams to a 10-day contract.

February 13, 2017
Traded Chris Andersen and cash considerations to the Charlotte Hornets for a 2017 2nd round draft pick. 2017 2nd-rd pick did not convey

February 22, 2017
Signed Derrick Williams to a 2nd 10-day contract.

February 24, 2017
Assigned Kay Felder to the Canton Charge of the G-League.

February 25, 2017
Recalled Kay Felder from the Canton Charge of the G-League.

February 26, 2017
Assigned Kay Felder to the Canton Charge of the G-League.

February 27, 2017
Recalled Kay Felder from the Canton Charge of the G-League.

Signed Deron Williams.

February 28, 2017
Assigned Kay Felder to the Canton Charge of the G-League.

March 1, 2017
Waived Jordan McRae.

March 2, 2017
Signed Andrew Bogut.

March 4, 2017
Signed Derrick Williams to a contract for the rest of the season.

March 6, 2017
Recalled Kay Felder from the Canton Charge of the G-League.

March 7, 2017
Assigned Kay Felder to the Canton Charge of the G-League.

March 12, 2017
Recalled Kay Felder from the Canton Charge of the G-League.

March 13, 2017
Signed Larry Sanders.

Waived Andrew Bogut.

March 14, 2017
Assigned Kay Felder to the Canton Charge of the G-League.

March 15, 2017
Assigned Larry Sanders to the Canton Charge of the G-League.

March 16, 2017
Recalled Larry Sanders from the Canton Charge of the G-League.

March 17, 2017
Assigned Larry Sanders to the Canton Charge of the G-League.

March 18, 2017
Recalled Kay Felder from the Canton Charge of the G-League.

March 22, 2017
Assigned Kay Felder to the Canton Charge of the G-League.

March 23, 2017
Recalled Larry Sanders from the Canton Charge of the G-League.

March 25, 2017
Recalled Kay Felder from the Canton Charge of the G-League.

March 26, 2017
Assigned Larry Sanders to the Canton Charge of the G-League.

April 2, 2017
Recalled Larry Sanders from the Canton Charge of the G-League.

April 3, 2017
Assigned Kay Felder to the Canton Charge of the G-League.

Recalled Kay Felder from the Canton Charge of the G-League.

April 4, 2017
Assigned Kay Felder to the Canton Charge of the G-League.

Assigned Larry Sanders to the Canton Charge of the G-League.

April 5, 2017
Recalled Larry Sanders from the Canton Charge of the G-League.

April 9, 2017
Recalled Kay Felder from the Canton Charge of the G-League.

Waived DeAndre Liggins.

April 11, 2017
DeAndre Liggins claimed on waivers by the Dallas Mavericks.

April 12, 2017
Signed Dahntay Jones.

Signed Edy Tavares to a multi-year contract.

Waived Larry Sanders."
2018,CLE,50-32,0.59,98,112.9,111.9,1,9091,3455,1916,582,312,1126,2636,0.372,Koby Altman,Tyronn Lue,A,GSW,(0-4),"July 10, 2017
Signed José Calderón.

July 11, 2017
Signed Jeff Green.

July 12, 2017
Signed Kyle Korver to a multi-year contract.

July 18, 2017
Signed Cedi Osman to a multi-year contract.

July 25, 2017
Signed Derrick Rose.

August 30, 2017
Traded Kyrie Irving to the Boston Celtics for Jae Crowder, Isaiah Thomas, Ante Žižić, a 2018 1st round draft pick (Collin Sexton was later selected) and a 2020 2nd round draft pick (Skylar Mays was later selected). (2020 2nd-rd pick from BOS to CLE is MIA's pick, and was added as compensation for Isaiah Thomas's injury)

September 8, 2017
Signed John Holland to a two-way contract.

September 25, 2017
Signed Kendrick Perkins.

September 26, 2017
Signed JaCorey Williams.

September 27, 2017
Signed Dwyane Wade.

Waived JaCorey Williams.

October 11, 2017
Signed Isaac Hamilton.

Waived Edy Tavares.

October 14, 2017
Traded Kay Felder, Richard Jefferson, $3M cash and a 2019 2nd round draft pick (Eric Paschall was later selected) to the Atlanta Hawks for Dimitrios Agravanis and Sergiy Gladyr.

Waived Isaac Hamilton.

Waived Kendrick Perkins.

October 18, 2017
Signed London Perrantes to a two-way contract.

November 19, 2017
Assigned Ante Zizic to the Canton Charge of the G-League.

November 21, 2017
Recalled Ante Zizic from the Canton Charge of the G-League.

November 25, 2017
Assigned Ante Zizic to the Canton Charge of the G-League.

Assigned Cedi Osman to the Canton Charge of the G-League.

November 26, 2017
Recalled Ante Zizic from the Canton Charge of the G-League.

Recalled Cedi Osman from the Canton Charge of the G-League.

December 1, 2017
Assigned Ante Zizic to the Canton Charge of the G-League.

December 2, 2017
Recalled Ante Zizic from the Canton Charge of the G-League.

December 13, 2017
Assigned Ante Zizic to the Canton Charge of the G-League.

December 14, 2017
Recalled Ante Zizic from the Canton Charge of the G-League.

December 21, 2017
Assigned Ante Zizic to the Canton Charge of the G-League.

Assigned Isaiah Thomas to the Canton Charge of the G-League.

Recalled Isaiah Thomas from the Canton Charge of the G-League.

Recalled Ante Zizic from the Canton Charge of the G-League.

December 22, 2017
Assigned Ante Zizic to the Canton Charge of the G-League.

December 23, 2017
Recalled Ante Zizic from the Canton Charge of the G-League.

January 2, 2018
Assigned Ante Zizic to the Canton Charge of the G-League.

January 14, 2018
Recalled Ante Zizic from the Canton Charge of the G-League.

January 19, 2018
Assigned Ante Zizic to the Canton Charge of the G-League.

January 31, 2018
Recalled Ante Zizic from the Canton Charge of the G-League.

February 8, 2018
As part of a 3-team trade, the Cleveland Cavaliers traded Jae Crowder, Derrick Rose and a 2024 2nd round draft pick to the Utah Jazz; the Cleveland Cavaliers traded Dimitrios Agravanis, Iman Shumpert, $2.1M cash and a 2020 2nd round draft pick (Skylar Mays was later selected) to the Sacramento Kings; the Sacramento Kings traded Artūras Gudaitis and George Hill to the Cleveland Cavaliers; the Utah Jazz traded Rodney Hood to the Cleveland Cavaliers; and the Utah Jazz traded Joe Johnson and $1.1M cash to the Sacramento Kings. (UTA received right to exchange 2024 second-round pick with CLE, did not convey.) (SAC receives MIA 2020 second-round pick from CLE.)

Traded Channing Frye, Isaiah Thomas and a 2018 1st round draft pick (Moritz Wagner was later selected) to the Los Angeles Lakers for Jordan Clarkson and Larry Nance Jr..

Traded Dwyane Wade to the Miami Heat for a 2024 2nd round draft pick. (Pick was heavily protected and not expected to convey, did not convey.)

February 21, 2018
Assigned Ante Zizic to the Canton Charge of the G-League.

February 22, 2018
Signed Marcus Thornton to a 10-day contract.

March 1, 2018
Recalled Ante Zizic from the Canton Charge of the G-League.

March 4, 2018
Recalled Marcus Thornton from the Canton Charge of the G-League.

March 19, 2018
Signed Okaro White to a 10-day contract.

April 6, 2018
Signed Okaro White to a contract for the rest of the season.

April 10, 2018
Signed Kendrick Perkins to a contract for the rest of the season.

June 12, 2018
Waived London Perrantes.

June 21, 2018
Drafted Collin Sexton in the 1st round (8th pick) of the 2018 NBA Draft."
2019,GSW,57-25,6.42,100.9,115.9,109.5,6.4,9650,3787,2413,625,525,1169,2824,0.385,Bob Myers,Steve Kerr,A,TOR,(2-4),"July 2, 2018
Signed Jacob Evans to a multi-year contract.

July 6, 2018
Signed DeMarcus Cousins as a free agent.

July 7, 2018
Signed Kevin Durant as a free agent.

July 10, 2018
Signed Kevon Looney as a free agent.

July 12, 2018
Signed Jonas Jerebko as a free agent.

July 13, 2018
Signed Kendrick Nunn.

Signed Damion Lee to a two-way contract.

August 13, 2018
Signed Marcus Derrickson to an Exhibit 10 contract.

August 20, 2018
Signed Danuel House as a free agent.

September 5, 2018
Signed Alfonzo McKinnie as a free agent.

September 24, 2018
Signed Tyler Ulis to an Exhibit 10 contract.

October 8, 2018
Signed Will Cherry to an Exhibit 10 contract.

October 11, 2018
Signed Deyonta Davis.

Signed Alfonzo McKinnie to a two-way contract.

Waived Will Cherry.

October 12, 2018
Converted Alfonzo McKinnie from a two-way contract to a regular contract.

Waived Deyonta Davis.

Waived Danuel House.

Waived Kendrick Nunn.

Waived Tyler Ulis.

October 13, 2018
Signed Marcus Derrickson to a two-way contract.

October 14, 2018
Tyler Ulis claimed on waivers by the Chicago Bulls.

November 6, 2018
Assigned Jacob Evans to the Santa Cruz Warriors of the G-League.

November 10, 2018
Recalled Jacob Evans from the Santa Cruz Warriors of the G-League.

November 13, 2018
Draymond Green was suspended. (1-game suspension)

December 10, 2018
Assigned DeMarcus Cousins to the Santa Cruz Warriors of the G-League.

December 15, 2018
Assigned Jacob Evans to the Santa Cruz Warriors of the G-League.

December 20, 2018
Assigned Jacob Evans to the Santa Cruz Warriors of the G-League.

December 23, 2018
Recalled Jacob Evans from the Santa Cruz Warriors of the G-League.

December 30, 2018
Assigned Jacob Evans to the Santa Cruz Warriors of the G-League.

January 2, 2019
Recalled Jacob Evans from the Santa Cruz Warriors of the G-League.

January 10, 2019
Assigned Jacob Evans to the Santa Cruz Warriors of the G-League.

January 13, 2019
Recalled Jacob Evans from the Santa Cruz Warriors of the G-League.

January 17, 2019
Assigned Jacob Evans to the Santa Cruz Warriors of the G-League.

February 8, 2019
Recalled Jacob Evans from the Santa Cruz Warriors of the G-League.

February 24, 2019
Assigned Jacob Evans to the Santa Cruz Warriors of the G-League.

March 5, 2019
Recalled Jacob Evans from the Santa Cruz Warriors of the G-League.

March 6, 2019
Signed Andrew Bogut to a contract for the rest of the season.

March 22, 2019
Assigned Jacob Evans to the Santa Cruz Warriors of the G-League.

March 23, 2019
Recalled Jacob Evans from the Santa Cruz Warriors of the G-League.

March 26, 2019
Assigned Jacob Evans to the Santa Cruz Warriors of the G-League.

March 27, 2019
Jordan Bell was suspended. (1-game suspension)

April 3, 2019
Recalled Jacob Evans from the Santa Cruz Warriors of the G-League.

June 20, 2019
Drafted Jordan Poole in the 1st round (28th pick) of the 2019 NBA Draft.

Drafted Eric Paschall in the 2nd round (41st pick) of the 2019 NBA Draft.

Drafted Miye Oni in the 2nd round (58th pick) of the 2019 NBA Draft.

Traded cash and a 2024 2nd round draft pick (Pelle Larsson was later selected) to the Atlanta Hawks for a 2019 2nd round draft pick (Eric Paschall was later selected). $1.3MM

Traded cash, a 2021 2nd round draft pick (David Johnson was later selected) and a 2023 2nd round draft pick (Emoni Bates was later selected) to the New Orleans Pelicans for Alen Smailagić. $1MM

June 21, 2019
Traded Miye Oni to the Utah Jazz for cash. $2MM"
2020,MIA,44-29,2.59,98.3,112.5,109.5,3,8179,3239,1892,547,332,1088,2584,0.379,Pat Riley,Erik Spoelstra,A,LAL,(2-4),"July 6, 2019
As part of a 4-team trade, the Miami Heat traded Hassan Whiteside to the Portland Trail Blazers; the Miami Heat traded Josh Richardson to the Philadelphia 76ers; the Miami Heat traded a 2023 1st round draft pick (Jaime Jaquez Jr. was later selected) to the Los Angeles Clippers; the Los Angeles Clippers traded cash to the Miami Heat; the Philadelphia 76ers traded Mathias Lessort to the Los Angeles Clippers; the Philadelphia 76ers traded Jimmy Butler to the Miami Heat; the Portland Trail Blazers traded Maurice Harkless to the Los Angeles Clippers; and the Portland Trail Blazers traded Meyers Leonard to the Miami Heat. $110K 2023 1st-rd pick was top-14 protected but eventually returned unprotected to MIA via trade

As part of a 3-team trade, the Miami Heat traded a 2022 2nd round draft pick (Luke Travers was later selected), a 2025 2nd round draft pick (Koby Brea was later selected) and a 2026 2nd round draft pick to the Indiana Pacers; the Indiana Pacers traded cash to the Phoenix Suns; the Phoenix Suns traded T.J. Warren to the Indiana Pacers; and the Phoenix Suns traded KZ Okpala to the Miami Heat. 2025 2nd-rd pick is MIA own $1.1MM

Waived Ryan Anderson.

July 7, 2019
Signed KZ Okpala to a multi-year contract.

July 10, 2019
Signed Tyler Herro to a multi-year contract.

July 11, 2019
Signed Chris Silva to an Exhibit 10 contract.

July 15, 2019
Signed Kyle Alexander to an Exhibit 10 contract.

July 21, 2019
Signed Jeremiah Martin to an Exhibit 10 contract.

July 29, 2019
Waived Yante Maten.

August 6, 2019
Signed Udonis Haslem as a free agent.

September 4, 2019
Signed Davon Reed to an Exhibit 10 contract.

September 16, 2019
Signed Mychal Mulder to an Exhibit 10 contract.

September 20, 2019
Signed Daryl Macon as a free agent.

October 15, 2019
Signed Skyler Flatten to an Exhibit 10 contract.

Signed Bubu Palo to an Exhibit 10 contract.

Waived Mychal Mulder.

Waived Jeremiah Martin.

October 19, 2019
Signed Daryl Macon to a two-way contract.

Signed Chris Silva to a two-way contract.

Waived Skyler Flatten.

Waived Kyle Alexander.

Waived Davon Reed.

Waived Bubu Palo.

December 12, 2019
Assigned KZ Okpala to the Sioux Falls Skyforce of the G-League.

January 8, 2020
Signed Gabe Vincent to a two-way contract.

Waived Daryl Macon.

January 15, 2020
Converted Chris Silva from a two-way contract to a regular contract.

Signed Kyle Alexander to a two-way contract.

January 23, 2020
Assigned Chris Silva to the Sioux Falls Skyforce of the G-League.

January 26, 2020
Recalled Chris Silva from the Sioux Falls Skyforce of the G-League.

February 4, 2020
Recalled KZ Okpala from the Sioux Falls Skyforce of the G-League.

February 6, 2020
Signed Andre Iguodala to a multi-year contract. (Signing is extension on deal signed in 2017)

As part of a 3-team trade, the Miami Heat traded James Johnson to the Minnesota Timberwolves; the Miami Heat traded Dion Waiters and Justise Winslow to the Memphis Grizzlies; the Memphis Grizzlies traded Jae Crowder, Solomon Hill and Andre Iguodala to the Miami Heat; and the Minnesota Timberwolves traded Gorgui Dieng to the Memphis Grizzlies.

February 10, 2020
Assigned KZ Okpala to the Sioux Falls Skyforce of the G-League.

February 18, 2020
Assigned KZ Okpala to the Sioux Falls Skyforce of the G-League.

November 18, 2020
Drafted Precious Achiuwa in the 1st round (20th pick) of the 2020 NBA Draft."
2021,PHX,51-21,5.67,97.2,117.2,111.3,5.9,8300,3092,1939,517,312,902,2490,0.378,James Jones,Monty Williams,A,MIL,(2-4),"November 16, 2020
Traded Ty Jerome, Jalen Lecque, Kelly Oubre Jr., Ricky Rubio and a 2022 1st round draft pick (Peyton Watson was later selected) to the Oklahoma City Thunder for Abdel Nader and Chris Paul. 2022 1st-rd pick is PHO own

November 23, 2020
Signed Jevon Carter to a multi-year contract.

Signed Ty-Shon Alexander to a two-way contract.

Waived Elie Okobo.

November 24, 2020
Signed Jalen Smith to a multi-year contract.

November 28, 2020
Signed Jae Crowder as a free agent.

Signed Langston Galloway as a free agent.

Signed Damian Jones as a free agent.

Signed E'Twaun Moore as a free agent.

Signed Dario Saric to a multi-year contract.

November 29, 2020
Signed Johnathan Motley to an Exhibit 10 contract.

December 19, 2020
Waived Johnathan Motley.

December 21, 2020
Claimed Frank Kaminsky on waivers from the Sacramento Kings.

February 23, 2021
Waived Damian Jones.

February 26, 2021
Recalled Jalen Smith from the Agua Caliente Clippers of the G-League.

March 18, 2021
Traded cash to the Milwaukee Bucks for Torrey Craig. Milwaukee also received a trade exception

July 29, 2021
Drafted Day'Ron Sharpe in the 1st round (29th pick) of the 2021 NBA Draft."
2022,BOS,51-31,7.02,96.6,114.4,106.9,7.5,9164,3778,2036,591,478,1118,3044,0.356,Brad Stevens,Ime Udoka,A,GSW,(2-4),"July 31, 2021
Traded Moses Brown to the Dallas Mavericks for Josh Richardson. Boston received a trade exception Dallas received a trade exception

August 7, 2021
As part of a 3-team trade, the Boston Celtics traded Tristan Thompson to the Sacramento Kings; the Atlanta Hawks traded Kris Dunn, Bruno Fernando and a 2023 2nd round draft pick (Julian Phillips was later selected) to the Boston Celtics; and the Sacramento Kings traded Delon Wright to the Atlanta Hawks. 2023 2nd-rd pick was POR own; Boston also received a trade exception

August 13, 2021
Signed Enes Kanter.

Signed Dennis Schroder.

Signed Sam Hauser to a two-way contract.

August 16, 2021
Signed Evan Fournier to a multi-year contract. As part of a sign and trade with NYK

August 17, 2021
Traded Evan Fournier and a 2023 2nd round draft pick (Amari Bailey was later selected) to the New York Knicks for cash. 2023 2nd-rd pick was originally 2022 pick that did not convey Boston also received a trade exception

September 14, 2021
Signed Juwan Morgan.

September 15, 2021
Traded Kris Dunn, Carsen Edwards and a 2026 2nd round draft pick to the Memphis Grizzlies for Juan Hernangomez. 2026 2nd-rd pick is a right to swap, Memphis also received a trade exception

September 23, 2021
Signed Theo Pinson.

September 27, 2021
Signed Garrison Mathews.

Signed Ryan Arcidiacono.

October 15, 2021
Signed Chris Clemons.

Signed Luke Kornet.

Waived Juwan Morgan.

Waived Ryan Arcidiacono.

October 16, 2021
Waived Luke Kornet.

Waived Garrison Mathews.

Waived Chris Clemons.

Waived Theo Pinson.

October 17, 2021
Waived Jabari Parker.

October 18, 2021
Garrison Mathews claimed on waivers by the Houston Rockets.

Signed Brodric Thomas to a two-way contract.

October 19, 2021
Signed Jabari Parker.

November 11, 2021
Assigned Bruno Fernando to the Maine Celtics of the G-League.

November 13, 2021
Recalled Bruno Fernando from the Maine Celtics of the G-League.

November 18, 2021
Assigned Bruno Fernando to the Maine Celtics of the G-League.

November 20, 2021
Recalled Bruno Fernando from the Maine Celtics of the G-League.

December 18, 2021
Signed Justin Jackson to a 10-day contract.

December 20, 2021
Signed C.J. Miles to a 10-day contract.

December 22, 2021
Signed Joe Johnson to a 10-day contract.

December 25, 2021
Signed Norvel Pelle to a 10-day contract.

Signed Al-Farouq Aminu to a 10-day contract.

January 7, 2022
Waived Jabari Parker.

January 9, 2022
Assigned Bruno Fernando to the Maine Celtics of the G-League.

Assigned Aaron Nesmith to the Maine Celtics of the G-League.

January 10, 2022
Recalled Bruno Fernando from the Maine Celtics of the G-League.

Recalled Aaron Nesmith from the Maine Celtics of the G-League.

January 19, 2022
As part of a 3-team trade, the Boston Celtics traded Juan Hernangomez and cash to the San Antonio Spurs; the Denver Nuggets traded Bol Bol and PJ Dozier to the Boston Celtics; the Denver Nuggets traded cash and a 2028 2nd round draft pick to the San Antonio Spurs; and the San Antonio Spurs traded Bryn Forbes to the Denver Nuggets. Boston also received a trade exception 2028 2nd-rd pick is DEN own

January 22, 2022
Assigned Bruno Fernando to the Maine Celtics of the G-League.

January 28, 2022
Recalled Bruno Fernando from the Maine Celtics of the G-League.

February 10, 2022
Traded Romeo Langford, Josh Richardson, a 2022 1st round draft pick (Blake Wesley was later selected) and a 2028 1st round draft pick to the San Antonio Spurs for Derrick White. Boston also received a trade exception 2022 1st-rd pick is BOS own and is top-4 protected 2028 1st-rd pick is a right to swap

Traded Bruno Fernando, Enes Freedom and Dennis Schroder to the Houston Rockets for Daniel Theis. Boston also received a trade exception Houston also received a trade exception

Traded Bol Bol, PJ Dozier, cash and a 2028 2nd round draft pick to the Orlando Magic for a 2023 2nd round draft pick. 2028 2nd-rd pick is top-45 protected 2023 2nd-rd pick was top-55 protected and did not convey, Boston also receives a trade exception

February 11, 2022
Converted Sam Hauser from a two-way contract to a regular contract.

Signed Luke Kornet.

February 23, 2022
Signed Kelan Martin to a 10-day contract.

Signed Malik Fitts to a 10-day contract.

February 28, 2022
Signed Matt Ryan to a two-way contract.

March 4, 2022
Signed Nik Stauskas.

March 5, 2022
Signed Kelan Martin to a 2nd 10-day contract.

Signed Malik Fitts to a 2nd 10-day contract.

March 10, 2022
Assigned Sam Hauser to the Maine Celtics of the G-League.

Assigned Luke Kornet to the Maine Celtics of the G-League.

March 11, 2022
Recalled Sam Hauser from the Maine Celtics of the G-League.

March 15, 2022
Signed Malik Fitts.

March 20, 2022
Recalled Luke Kornet from the Maine Celtics of the G-League.

March 22, 2022
Assigned Malik Fitts to the Maine Celtics of the G-League.

Assigned Aaron Nesmith to the Maine Celtics of the G-League.

Assigned Nik Stauskas to the Maine Celtics of the G-League.

March 23, 2022
Recalled Nik Stauskas from the Maine Celtics of the G-League.

Recalled Aaron Nesmith from the Maine Celtics of the G-League.

Recalled Malik Fitts from the Maine Celtics of the G-League.

March 26, 2022
Assigned Malik Fitts to the Maine Celtics of the G-League.

Assigned Nik Stauskas to the Maine Celtics of the G-League.

March 28, 2022
Signed Juwan Morgan to a 10-day contract.

Recalled Nik Stauskas from the Maine Celtics of the G-League.

March 31, 2022
Assigned Sam Hauser to the Maine Celtics of the G-League.

April 3, 2022
Recalled Malik Fitts from the Maine Celtics of the G-League.

Recalled Sam Hauser from the Maine Celtics of the G-League.

April 9, 2022
Signed Juwan Morgan.

June 23, 2022
Drafted JD Davison in the 2nd round (53rd pick) of the 2022 NBA Draft."
2023,MIA,44-38,-0.13,96.3,113,113.3,-0.3,8977,3329,1955,655,243,1106,2852,0.344,Pat Riley,Erik Spoelstra,A,DEN,(1-4),"July 2, 2022
Signed Nikola Jović to a multi-year contract.

July 6, 2022
Signed Orlando Robinson to an Exhibit 10 contract.

Signed Caleb Martin to a multi-year contract.

Signed Dewayne Dedmon to a multi-year contract.

Signed Victor Oladipo to a multi-year contract.

July 13, 2022
Signed Jamaree Bouyea to an Exhibit 10 contract.

July 16, 2022
Signed Darius Days to a two-way contract.

Signed Marcus Garrett to a two-way contract.

Waived Javonte Smart.

Waived Mychal Mulder.

August 23, 2022
Signed Udonis Haslem.

September 20, 2022
Signed Dru Smith.

October 9, 2022
Signed Mychal Mulder.

Signed Jamal Cain to a two-way contract.

Waived Darius Days.

October 11, 2022
Darius Days claimed on waivers by the Houston Rockets.

October 13, 2022
Signed Dru Smith to a two-way contract.

Waived Jamaree Bouyea.

Waived Marcus Garrett.

Waived Mychal Mulder.

Waived Orlando Robinson.

October 14, 2022
Claimed D.J. Stewart Jr. on waivers from the Dallas Mavericks.

Signed Jon Elmore.

October 15, 2022
Waived D.J. Stewart Jr..

Waived Jon Elmore.

November 13, 2022
Signed Orlando Robinson to a two-way contract.

Waived Dru Smith.

November 25, 2022
Signed Dru Smith to a two-way contract.

Waived Orlando Robinson.

December 11, 2022
Signed Orlando Robinson to a two-way contract.

Waived Dru Smith.

February 7, 2023
Traded Dewayne Dedmon and a 2028 2nd round draft pick to the San Antonio Spurs for cash. 2028 2nd-rd pick is MIA own Miami also received a trade exception

February 8, 2023
Signed Jamaree Bouyea to a 10-day contract.

February 20, 2023
Signed Cody Zeller.

Signed Kevin Love.

June 22, 2023
Drafted Jaime Jaquez Jr. in the 1st round (18th pick) of the 2023 NBA Draft."
2024,DAL,50-32,2.3,100.1,117.6,115.4,2.2,9664,3521,2106,563,406,1027,3242,0.369,Nico Harrison,Jason Kidd,A,BOS,(1-4),"July 6, 2023
Traded Davis Bertans and Cason Wallace to the Oklahoma City Thunder for Dereck Lively II.

Traded cash to the Sacramento Kings for Richaun Holmes and Olivier-Maxence Prosper.

July 7, 2023
Signed Kyrie Irving to a multi-year contract.

July 8, 2023
Signed Dereck Lively II to a multi-year contract.

July 9, 2023
Signed Dwight Powell to a multi-year contract.

July 12, 2023
As part of a 3-team trade, the Dallas Mavericks traded Reggie Bullock and a 2030 1st round draft pick to the San Antonio Spurs; the Dallas Mavericks traded a 2025 2nd round draft pick and a 2030 2nd round draft pick to the Boston Celtics; the Boston Celtics traded Grant Williams to the Dallas Mavericks; the San Antonio Spurs traded a 2024 2nd round draft pick (Adem Bona was later selected) to the Boston Celtics; and the San Antonio Spurs traded a 2025 2nd round draft pick (Chaz Lanier was later selected) and a 2028 2nd round draft pick to the Dallas Mavericks. 2030 1st-rd pick is a right to swap 2025 2nd-rd pick is TOR own 2028 2nd-rd pick is MIA own 2024 2nd-rd pick is more favorable 2025 2nd-rd pick is a right to swap, did not convey 2030 2nd-rd pick is DAL own

July 14, 2023
Signed Dante Exum to a multi-year contract.

Signed Seth Curry to a multi-year contract.

Signed Mike Miles Jr. to a two-way contract.

July 16, 2023
Signed Olivier-Maxence Prosper to a multi-year contract.

August 14, 2023
Signed Greg Brown III to an Exhibit 10 contract.

Signed Joe Wieskamp to an Exhibit 10 contract.

Signed Jordan Walker.

August 18, 2023
Signed Derrick Jones Jr..

August 29, 2023
Waived JaVale McGee.

September 16, 2023
Signed Markieff Morris.

September 22, 2023
Signed Dexter Dennis to an Exhibit 10 contract.

October 14, 2023
Waived Mike Miles Jr..

Waived Jordan Walker.

Waived Joe Wieskamp.

October 16, 2023
Signed Taze Moore to an Exhibit 10 contract.

October 17, 2023
Waived Taze Moore.

October 19, 2023
Signed Tony Bradley to an Exhibit 10 contract.

October 20, 2023
Waived Tony Bradley.

October 21, 2023
Signed Greg Brown III to a two-way contract.

Signed Dexter Dennis to a two-way contract.

December 28, 2023
Signed Brandon Williams to a two-way contract.

Waived Dexter Dennis.

February 8, 2024
Traded Seth Curry, Grant Williams and a 2027 1st round draft pick to the Charlotte Hornets for P.J. Washington, a 2024 2nd round draft pick (Ariel Hukporti was later selected) and a 2028 2nd round draft pick. Dallas also received a trade exception 2024 2nd-rd pick is BOS own 2028 2nd-rd pick is least favorable Charlotte also received a trade exception 2027 protected 1st-rd pick is DAL own

Traded Richaun Holmes and a 2024 1st round draft pick (Dillon Jones was later selected) to the Washington Wizards for Daniel Gafford. Washington also received a trade exception 2024 1st-rd pick is least favorable

Traded a 2028 1st round draft pick to the Oklahoma City Thunder for a 2024 1st round draft pick (Isaiah Collier was later selected). (2028 1st-rd pick is a right to swap)

March 3, 2024
Converted A.J. Lawson from a two-way contract to a regular contract.

March 4, 2024
Signed Alex Fudge to a two-way contract.

June 27, 2024
Drafted Ariel Hukporti in the 2nd round (58th pick) of the 2024 NBA Draft."
2025,IND,50-32,1.68,99.9,116.5,114.3,2.2,9624,3430,2398,694,448,1082,2934,0.368,Kevin Pritchard,Rick Carlisle ,A,OKC,(3-4),"July 5, 2024
Signed James Wiseman to a multi-year contract.

July 6, 2024
Signed Johnny Furphy to a multi-year contract.

Signed Pascal Siakam to a multi-year contract.

Signed Obi Toppin to a multi-year contract.

Traded cash and Juan Nunez to the San Antonio Spurs for Johnny Furphy.

July 25, 2024
Signed James Johnson.

July 26, 2024
Signed Quenton Jackson to a two-way contract.

July 27, 2024
Signed Tristen Newton to a two-way contract.

August 8, 2024
Signed Cole Swider.

Signed Enrique Freeman to a two-way contract.

August 23, 2024
Signed Cameron McGriff to an Exhibit 10 contract.

Signed Kyle Mangas to an Exhibit 10 contract.

August 26, 2024
Signed Dakota Mathias to an Exhibit 10 contract.

Waived Kyle Mangas.

Waived Cameron McGriff.

August 29, 2024
Waived Dakota Mathias.

September 27, 2024
Signed Tyler Polley to an Exhibit 10 contract.

Signed Keisei Tominaga to an Exhibit 10 contract.

Signed Josiah James to an Exhibit 10 contract.

Waived Tyler Polley.

Waived Keisei Tominaga.

September 29, 2024
Waived Josiah James.

October 15, 2024
Signed Jahlil Okafor to an Exhibit 10 contract.

Waived Kendall Brown.

Waived Jahlil Okafor.

October 18, 2024
Waived Cole Swider.

November 20, 2024
Signed Moses Brown.

December 9, 2024
Waived Moses Brown.

December 15, 2024
Traded a 2031 2nd round draft pick to the Miami Heat for Thomas Bryant. 2031 2nd-rd pick is a right to swap and Miami received a trade exception

January 1, 2025
Waived Tristan Newton.

January 3, 2025
Tristan Newton claimed on waivers by the Minnesota Timberwolves.

Signed RayJ Dennis to a two-way contract.

February 6, 2025
Traded cash and James Wiseman to the Toronto Raptors. Indiana received a trade exception

February 11, 2025
Signed Jahlil Okafor to a 10-day contract.

March 2, 2025
Signed Tony Bradley to a 10-day contract.

March 14, 2025
Signed Tony Bradley to a 2nd 10-day contract.

March 23, 2025
Signed Tony Bradley.

June 17, 2025
Traded Mojave King and a 2025 1st round draft pick (Asa Newell was later selected) to the New Orleans Pelicans for a 2026 1st round draft pick. 2025 1st-rd pick is IND own conditional 2026 1st-rd pick is IND own

June 25, 2025
Drafted Taelon Peter in the 2nd round (54th pick) of the 2025 NBA Draft."
2026,SAS,62-20,8.28,99.9,119.6,111.3,8.3,9826,3856,2302,617,447,1103,3108,0.359,Brian Wright,Mitch Johnson ,A,NYK,(1-4),"February 27, 2026
Signed Mason Plumlee.

February 23, 2026
Signed Emanuel Miller to a two-way contract.

Waived Stanley Umude.

February 17, 2026
Signed Mason Plumlee to a 10-day contract.

February 11, 2026
Waived Jeremy Sochan.

December 21, 2025
Signed Stanley Umude to a two-way contract.

Waived Kyle Mangas.

December 12, 2025
Signed Kyle Mangas to a two-way contract.

Waived Riley Minix.

October 18, 2025
Signed Jamaree Bouyea to an Exhibit 10 contract.

Signed James Banks to an Exhibit 10 contract.

Signed Kyle Mangas to an Exhibit 10 contract.

Waived Kyle Mangas.

Waived James Banks.

Waived Jamaree Bouyea.

Waived Micah Potter.

Waived Stanley Umude.

Waived Adam Flagler.

September 15, 2025
Signed Bismack Biyombo.

Waived Isaiah Miller.

September 13, 2025
Signed Isaiah Miller to an Exhibit 10 contract.

September 12, 2025
Waived Osayi Osifo.

September 10, 2025
Signed Osayi Osifo to an Exhibit 10 contract.

September 2, 2025
Signed Stanley Umude to an Exhibit 10 contract.

August 8, 2025
Signed Adam Flagler.

August 6, 2025
Signed Micah Potter.

Signed Harrison Ingram to a two-way contract.

August 5, 2025
Signed Riley Minix to a two-way contract.

July 24, 2025
Signed Lindy Waters III.

July 23, 2025
Signed David Jones Garcia to a two-way contract.

July 12, 2025
Signed Jordan McLaughlin.

July 9, 2025
Traded Malaki Branham, Blake Wesley and a 2026 2nd round draft pick to the Washington Wizards for Kelly Olynyk. Washington also received a trade exception 2026 2nd-rd pick is least favorable

July 7, 2025
Signed Luke Kornet to a multi-year contract.

July 6, 2025
Traded Kam Jones to the Indiana Pacers for cash and a 2030 2nd round draft pick. 2030 2nd-rd pick is SAC own

July 3, 2025
Signed Carter Bryant to a multi-year contract.

Signed Dylan Harper to a multi-year contract."
